"7b7a7e7be331f89822bf6f77e1f57649","s11436aa","s11437eb","s1143843","s1143860"
"7b7a7e7be331f89822bf6f77e1f57649","s11436aa","s11437eb","s1143843","s1143861"
"7b7a7e7be331f89822bf6f77e1f57649","s11436aa","s11437eb","s1143843","s1143862"
"7b7a7e7be331f89822bf6f77e1f57649","s11436aa","s11437eb","s1143843","s1143863"
"7b7a7e7be331f89822bf6f77e1f57649","s11436aa","s11437eb","s1143843","s1143864"
"7b7a7e7be331f89822bf6f77e1f57649","s11436aa","s11437eb","s114384b"
"7b7a7e7be331f89822bf6f77e1f57649","s11436aa","s11437eb","s114384b","s1143865"
"7b7a7e7be331f89822bf6f77e1f57649","s11436aa","s11437eb","s114384b","s1143866"
"7b7a7e7be331f89822bf6f77e1f57649","s11436aa","s11437eb","s114384c"
"7b7a7e7be331f89822bf6f77e1f57649","s11436aa","s11437eb","s1143844"
"7b7a7e7be331f89822bf6f77e1f57649","s11436aa","s11437eb","s1143844","s1143867"
"7b7a7e7be331f89822bf6f77e1f57649","s11436aa","s11437eb","s1143844","s1143868"
"7b7a7e7be331f89822bf6f77e1f57649","s11436aa","s11437eb","s1143844","s1143869"
"7b7a7e7be331f89822bf6f77e1f57649","s11436aa","s11437eb","s1143844","s114386a"
"7b7a7e7be331f89822bf6f77e1f57649","s11436aa","s11437eb","s2365466"
"7b7a7e7be331f89822bf6f77e1f57649","s11436aa","s11437eb","s2365466","s114386b"
"7b7a7e7be331f89822bf6f77e1f57649","s11436aa","s11437eb","s2365466","s114386c"
"7b7a7e7be331f89822bf6f77e1f57649","s11436aa","s11437eb","s2365466","s114386d"
"7b7a7e7be331f89822bf6f77e1f57649","s11436aa","s11437eb","s114384e"
"7b7a7e7be331f89822bf6f77e1f57649","s11436aa","s11437eb","s1143845"
"7b7a7e7be331f89822bf6f77e1f57649","s11436aa","s11437eb","s1143845","s114386e"
"7b7a7e7be331f89822bf6f77e1f57649","s11436aa","s11437eb","s1143845","s114386f"
"7b7a7e7be331f89822bf6f77e1f57649","s11436aa","s11437eb","s1143845","s1143871"
"7b7a7e7be331f89822bf6f77e1f57649","s11436aa","s11437eb","s2365473"
"7b7a7e7be331f89822bf6f77e1f57649","s11436aa","s11437eb","s2365473","s1143851"
"7b7a7e7be331f89822bf6f77e1f57649","s11436aa","s11437eb","s2365473","s1143872"
"7b7a7e7be331f89822bf6f77e1f57649","s11436aa","s11437eb","s2365473","s1143875"
"7b7a7e7be331f89822bf6f77e1f57649","s11436aa","s11437eb","s1143850"
"7b7a7e7be331f89822bf6f77e1f57649","s11436aa","s11437eb","s1143846"
"7b7a7e7be331f89822bf6f77e1f57649","s11436aa","s11437eb","s1143846","s1143876"
"7b7a7e7be331f89822bf6f77e1f57649","s11436aa","s11437eb","s1143846","s1143877"
"7b7a7e7be331f89822bf6f77e1f57649","s11436aa","s11437eb","s1143846","s1143878"
"7b7a7e7be331f89822bf6f77e1f57649","s11436aa","s11437eb","s114384f"
"7b7a7e7be331f89822bf6f77e1f57649","s11436aa","s11437eb","s114384f","s1143870"
"7b7a7e7be331f89822bf6f77e1f57649","s11436aa","s11437eb","s114384f","s2365474"
"7b7a7e7be331f89822bf6f77e1f57649","s11436aa","s11437eb","s114384f","s1143873"
"7b7a7e7be331f89822bf6f77e1f57649","s11436aa","s11437eb","s1143852"
"7b7a7e7be331f89822bf6f77e1f57649","s11436aa","s11437eb","s1143899"
"7b7a7e7be331f89822bf6f77e1f57649","s11436aa","s11437eb","s1143899","s114389a"
"7b7a7e7be331f89822bf6f77e1f57649","s11436aa","s11437eb","s1143899","s114389b"
"7b7a7e7be331f89822bf6f77e1f57649","s11436aa","s11437eb","s1143899","s114389c"
"7b7a7e7be331f89822bf6f77e1f57649","s11436aa","s11437eb","s1143899","s114389d"
"7b7a7e7be331f89822bf6f77e1f57649","s11436aa","s11437eb","s2365475"
"7b7a7e7be331f89822bf6f77e1f57649","s11436aa","s11437eb","s2365475","s114389e"
"7b7a7e7be331f89822bf6f77e1f57649","s11436aa","s11437eb","s2365475","s114389f"
"7b7a7e7be331f89822bf6f77e1f57649","s11436aa","s11437eb","s2365475","s11438a0"
"7b7a7e7be331f89822bf6f77e1f57649","s11436aa","s11437eb","s11438a7"
"7b7a7e7be331f89822bf6f77e1f57649","s11436aa","s11437eb","s11438a8"
"7b7a7e7be331f89822bf6f77e1f57649","s11436aa","s11437eb","s11438a8","s11438aa"
"7b7a7e7be331f89822bf6f77e1f57649","s11436aa","s11437eb","s11438a8","s11438ab"
"7b7a7e7be331f89822bf6f77e1f57649","s11436aa","s11437eb","s11438a8","s11438ac"
"7b7a7e7be331f89822bf6f77e1f57649","s11436aa","s11437eb","s11438a8","s11438ad"
"7b7a7e7be331f89822bf6f77e1f57649","s11436aa","s11437eb","s2365476"
"7b7a7e7be331f89822bf6f77e1f57649","s11436aa","s11437eb","s2365476","s11438a1"
"7b7a7e7be331f89822bf6f77e1f57649","s11436aa","s11437eb","s2365476","s11438a2"
"7b7a7e7be331f89822bf6f77e1f57649","s11436aa","s11437eb","s2365476","s11438a3"
"7b7a7e7be331f89822bf6f77e1f57649","s11436aa","s11437eb","s2365471"
"7b7a7e7be331f89822bf6f77e1f57649","s11436aa","s11437eb","s11438a9"
"7b7a7e7be331f89822bf6f77e1f57649","s11436aa","s11437eb","s11438a9","s11438ae"
"7b7a7e7be331f89822bf6f77e1f57649","s11436aa","s11437eb","s11438a9","s11438af"
"7b7a7e7be331f89822bf6f77e1f57649","s11436aa","s11437eb","s11438a9","s11438b0"
"7b7a7e7be331f89822bf6f77e1f57649","s11436aa","s11437eb","s11438a9","s11438b1"
"7b7a7e7be331f89822bf6f77e1f57649","s11436aa","s11437eb","s2365477"
"7b7a7e7be331f89822bf6f77e1f57649","s11436aa","s11437eb","s2365477","s11438a4"
"7b7a7e7be331f89822bf6f77e1f57649","s11436aa","s11437eb","s2365477","s11438a5"
"7b7a7e7be331f89822bf6f77e1f57649","s11436aa","s11437eb","s2365477","s11438a6"
"7b7a7e7be331f89822bf6f77e1f57649","s11436aa","s11437eb","s2365472"
"7b7a7e7be331f89822bf6f77e1f57649","s11436aa","s11437eb","s11438b2"
"7b7a7e7be331f89822bf6f77e1f57649","s11436aa","s11437eb","s11438b2","s11438b8"
"7b7a7e7be331f89822bf6f77e1f57649","s11436aa","s11437eb","s11438b2","s11438b9"
"7b7a7e7be331f89822bf6f77e1f57649","s11436aa","s11437eb","s11438b2","s11438ba"
"7b7a7e7be331f89822bf6f77e1f57649","s11436aa","s11437eb","s11438b2","s11438bb"
"7b7a7e7be331f89822bf6f77e1f57649","s11436aa","s11437eb","s2365469"
"7b7a7e7be331f89822bf6f77e1f57649","s11436aa","s11437eb","s2365469","s11438b4"
"7b7a7e7be331f89822bf6f77e1f57649","s11436aa","s11437eb","s2365469","s11438b5"
"7b7a7e7be331f89822bf6f77e1f57649","s11436aa","s11437eb","s11438b7"
"7b7a7e7be331f89822bf6f77e1f57649","s11436aa","s11437eb","s11438b3"
"7b7a7e7be331f89822bf6f77e1f57649","s11436aa","s11437eb","s11438b3","s11438bc"
"7b7a7e7be331f89822bf6f77e1f57649","s11436aa","s11437eb","s11438b3","s11438bd"
"7b7a7e7be331f89822bf6f77e1f57649","s11436aa","s11437eb","s11438b3","s11438be"
"7b7a7e7be331f89822bf6f77e1f57649","s11436aa","s11437eb","s11438b3","s11438bf"
"7b7a7e7be331f89822bf6f77e1f57649","s11436aa","s11437eb","s2365468"
"7b7a7e7be331f89822bf6f77e1f57649","s11436aa","s11437eb","s2365468","s11438b6"
"7b7a7e7be331f89822bf6f77e1f57649","s11436aa","s11437eb","s2365468","s2365470"
"7b7a7e7be331f89822bf6f77e1f57649","s11436aa","s11437eb","s2365467"
"6bb2c4d59ebc44d01e90a91b06d3befd"
"6bb2c4d59ebc44d01e90a91b06d3befd","s2366905"
"6bb2c4d59ebc44d01e90a91b06d3befd","s2366905","s2366906"
"6bb2c4d59ebc44d01e90a91b06d3befd","s2366905","s2366907"
"6bb2c4d59ebc44d01e90a91b06d3befd","s2366905","s2366908"
"6bb2c4d59ebc44d01e90a91b06d3befd","s2366905","s2366909"
"6bb2c4d59ebc44d01e90a91b06d3befd","s2366905","s2366910"
"6bb2c4d59ebc44d01e90a91b06d3befd","s2366905","s2366911"
"6bb2c4d59ebc44d01e90a91b06d3befd","s2366905","s2366912"
"6bb2c4d59ebc44d01e90a91b06d3befd","s2366905","s2366913"
"6bb2c4d59ebc44d01e90a91b06d3befd","s1143409"
"6bb2c4d59ebc44d01e90a91b06d3befd","s1143409","s114340e"
"6bb2c4d59ebc44d01e90a91b06d3befd","s1143409","s114340e","s1143417"
"6bb2c4d59ebc44d01e90a91b06d3befd","s1143409","s114340e","s1143418"
"6bb2c4d59ebc44d01e90a91b06d3befd","s1143409","s114340e","s1143419"
"6bb2c4d59ebc44d01e90a91b06d3befd","s1143409","s114340f"
"6bb2c4d59ebc44d01e90a91b06d3befd","s1143409","s114340f","s114341a"
"6bb2c4d59ebc44d01e90a91b06d3befd","s1143409","s114340f","s114341a","s1143695"
"6bb2c4d59ebc44d01e90a91b06d3befd","s1143409","s114340f","s114341a","s1143696"
"6bb2c4d59ebc44d01e90a91b06d3befd","s1143409","s114340f","s114341a","s1143697"
"6bb2c4d59ebc44d01e90a91b06d3befd","s1143409","s114340f","s114341b"
"6bb2c4d59ebc44d01e90a91b06d3befd","s1143409","s1143410"
"6bb2c4d59ebc44d01e90a91b06d3befd","s1143409","s1143410","s114341c"
"6bb2c4d59ebc44d01e90a91b06d3befd","s1143409","s1143410","s114341d"
"6bb2c4d59ebc44d01e90a91b06d3befd","s114340a"
"6bb2c4d59ebc44d01e90a91b06d3befd","s114340a","s1143411"
"6bb2c4d59ebc44d01e90a91b06d3befd","s114340a","s1143411","s114341e"
"6bb2c4d59ebc44d01e90a91b06d3befd","s114340a","s1143411","s114341f"
"6bb2c4d59ebc44d01e90a91b06d3befd","s114340a","s1143411","s1143420"
"6bb2c4d59ebc44d01e90a91b06d3befd","s114340a","s1143411","s1143421"
"6bb2c4d59ebc44d01e90a91b06d3befd","s114340a","s1143411","s1143422"
"6bb2c4d59ebc44d01e90a91b06d3befd","s114340a","s114342d"
"6bb2c4d59ebc44d01e90a91b06d3befd","s114340a","s114342d","s1143438"
"6bb2c4d59ebc44d01e90a91b06d3befd","s114340a","s114342d","s1143439"
"6bb2c4d59ebc44d01e90a91b06d3befd","s114340a","s2390245"
"6bb2c4d59ebc44d01e90a91b06d3befd","s114340a","s2390245","s1143453"
"6bb2c4d59ebc44d01e90a91b06d3befd","s114340a","s114342e"
"6bb2c4d59ebc44d01e90a91b06d3befd","s114340a","s114342e","s114343a"
"6bb2c4d59ebc44d01e90a91b06d3befd","s114340a","s114342e","s114343b"
"6bb2c4d59ebc44d01e90a91b06d3befd","s114340a","s114342f"
"6bb2c4d59ebc44d01e90a91b06d3befd","s114340a","s114342f","s114343c"
"6bb2c4d59ebc44d01e90a91b06d3befd","s114340a","s114342f","s114343d"
"6bb2c4d59ebc44d01e90a91b06d3befd","s114340a","s2390246"
"6bb2c4d59ebc44d01e90a91b06d3befd","s114340a","s2390246","s1143454"
"6bb2c4d59ebc44d01e90a91b06d3befd","s114340a","s1143430"
"6bb2c4d59ebc44d01e90a91b06d3befd","s114340a","s1143430","s114343e"
"6bb2c4d59ebc44d01e90a91b06d3befd","s114340a","s1143430","s114343f"
"6bb2c4d59ebc44d01e90a91b06d3befd","s114340a","s114344f"
"6bb2c4d59ebc44d01e90a91b06d3befd","s114340a","s114344f","s1143455"
"6bb2c4d59ebc44d01e90a91b06d3befd","s114340a","s114344f","s1143456"
"6bb2c4d59ebc44d01e90a91b06d3befd","s114340a","s114346d"
"6bb2c4d59ebc44d01e90a91b06d3befd","s114340a","s114346d","s1143477"
"6bb2c4d59ebc44d01e90a91b06d3befd","s114340a","s114346d","s1143478"
"6bb2c4d59ebc44d01e90a91b06d3befd","s114340a","s114346d","s1143479"
"6bb2c4d59ebc44d01e90a91b06d3befd","s114340a","s114346d","s114347a"
"6bb2c4d59ebc44d01e90a91b06d3befd","s114340a","s114346e"
"6bb2c4d59ebc44d01e90a91b06d3befd","s114340a","s114346e","s114347b"
"6bb2c4d59ebc44d01e90a91b06d3befd","s114340a","s114346e","s114347c"
"6bb2c4d59ebc44d01e90a91b06d3befd","s114340a","s114346f"
"6bb2c4d59ebc44d01e90a91b06d3befd","s114340a","s114346f","s114347d"
"6bb2c4d59ebc44d01e90a91b06d3befd","s114340a","s1143470"
"6bb2c4d59ebc44d01e90a91b06d3befd","s114340a","s1143470","s114347e"
"6bb2c4d59ebc44d01e90a91b06d3befd","s114340a","s1143470","s114347f"
"6bb2c4d59ebc44d01e90a91b06d3befd","s114340a","s1143490"
"6bb2c4d59ebc44d01e90a91b06d3befd","s114340a","s1143490","s114349a"
"6bb2c4d59ebc44d01e90a91b06d3befd","s114340a","s1143490","s114349b"
"6bb2c4d59ebc44d01e90a91b06d3befd","s114340a","s1143490","s114349c"
"6bb2c4d59ebc44d01e90a91b06d3befd","s114340a","s1143491"
"6bb2c4d59ebc44d01e90a91b06d3befd","s114340a","s1143491","s114349d"
"6bb2c4d59ebc44d01e90a91b06d3befd","s114340a","s1143492"
"6bb2c4d59ebc44d01e90a91b06d3befd","s114340a","s1143492","s114349e"
"6bb2c4d59ebc44d01e90a91b06d3befd","s114340a","s11434b6"
"6bb2c4d59ebc44d01e90a91b06d3befd","s114340a","s11434b6","s11434eb"
"6bb2c4d59ebc44d01e90a91b06d3befd","s114340a","s11434b6","s11434ec"
"6bb2c4d59ebc44d01e90a91b06d3befd","s114340a","s11434b7"
"6bb2c4d59ebc44d01e90a91b06d3befd","s114340a","s11434b7","s11434ed"
"6bb2c4d59ebc44d01e90a91b06d3befd","s114340b"
"6bb2c4d59ebc44d01e90a91b06d3befd","s114340b","s1143412"
"6bb2c4d59ebc44d01e90a91b06d3befd","s114340b","s1143412","s1143423"
"6bb2c4d59ebc44d01e90a91b06d3befd","s114340b","s1143431"
"6bb2c4d59ebc44d01e90a91b06d3befd","s114340b","s1143431","s1143440"
"6bb2c4d59ebc44d01e90a91b06d3befd","s114340b","s1143432"
"6bb2c4d59ebc44d01e90a91b06d3befd","s114340b","s1143432","s1143441"
"6bb2c4d59ebc44d01e90a91b06d3befd","s114340b","s1143432","s1143441","s2373200"
"6bb2c4d59ebc44d01e90a91b06d3befd","s114340b","s1143432","s1143441","s2373201"
"6bb2c4d59ebc44d01e90a91b06d3befd","s114340b","s1143432","s1143441","s2373202"
"6bb2c4d59ebc44d01e90a91b06d3befd","s114340b","s1143432","s1143442"
"6bb2c4d59ebc44d01e90a91b06d3befd","s114340b","s2390247"
"6bb2c4d59ebc44d01e90a91b06d3befd","s114340b","s2390247","s1143457"
"6bb2c4d59ebc44d01e90a91b06d3befd","s114340b","s2390247","s1143457","s2373203"
"6bb2c4d59ebc44d01e90a91b06d3befd","s114340b","s2390247","s1143457","s2373204"
"6bb2c4d59ebc44d01e90a91b06d3befd","s114340b","s2390247","s1143458"
"6bb2c4d59ebc44d01e90a91b06d3befd","s114340b","s2390247","s1143459"
"6bb2c4d59ebc44d01e90a91b06d3befd","s114340b","s2390247","s114345a"
"6bb2c4d59ebc44d01e90a91b06d3befd","s114340b","s1143433"
"6bb2c4d59ebc44d01e90a91b06d3befd","s114340b","s1143433","s1143443"
"6bb2c4d59ebc44d01e90a91b06d3befd","s114340b","s1143433","s1143444"
"6bb2c4d59ebc44d01e90a91b06d3befd","s114340b","s1143433","s1143445"
"6bb2c4d59ebc44d01e90a91b06d3befd","s114340b","s2390248"
"6bb2c4d59ebc44d01e90a91b06d3befd","s114340b","s2390248","s114345b"
"6bb2c4d59ebc44d01e90a91b06d3befd","s114340b","s2390248","s114345c"
"6bb2c4d59ebc44d01e90a91b06d3befd","s114340b","s2390248","s114345d"
"6bb2c4d59ebc44d01e90a91b06d3befd","s114340b","s2390248","s114345e"
"6bb2c4d59ebc44d01e90a91b06d3befd","s114340b","s2390248","s114345f"
"6bb2c4d59ebc44d01e90a91b06d3befd","s114340b","s1143471"
"6bb2c4d59ebc44d01e90a91b06d3befd","s114340b","s1143471","s1143480"
"6bb2c4d59ebc44d01e90a91b06d3befd","s114340b","s1143471","s1143481"
"6bb2c4d59ebc44d01e90a91b06d3befd","s114340b","s1143471","s1143482"
"6bb2c4d59ebc44d01e90a91b06d3befd","s114340b","s2390249"
"6bb2c4d59ebc44d01e90a91b06d3befd","s114340b","s2390249","s11434a2"
"6bb2c4d59ebc44d01e90a91b06d3befd","s114340b","s2390249","s11434a3"
"6bb2c4d59ebc44d01e90a91b06d3befd","s114340b","s2390249","s11434a4"
"6bb2c4d59ebc44d01e90a91b06d3befd","s114340b","s1143493"
"6bb2c4d59ebc44d01e90a91b06d3befd","s114340b","s1143493","s114349f"
"6bb2c4d59ebc44d01e90a91b06d3befd","s114340b","s1143493","s11434a0"
"6bb2c4d59ebc44d01e90a91b06d3befd","s114340b","s1143493","s11434a1"
"6bb2c4d59ebc44d01e90a91b06d3befd","s114340b","s11434b8"
"6bb2c4d59ebc44d01e90a91b06d3befd","s114340b","s11434b8","s11434ee"
"6bb2c4d59ebc44d01e90a91b06d3befd","s114340b","s11434b8","s11434ef"
"6bb2c4d59ebc44d01e90a91b06d3befd","s114340b","s11434b8","s11434f0"
"6bb2c4d59ebc44d01e90a91b06d3befd","s114340b","s11434b8","s11434f0","s1143698"
"6bb2c4d59ebc44d01e90a91b06d3befd","s114340b","s11434b8","s11434f0","s1143699"
"6bb2c4d59ebc44d01e90a91b06d3befd","s114340b","s11434b8","s11434f1"
"6bb2c4d59ebc44d01e90a91b06d3befd","s114340b","s11434b9"
"6bb2c4d59ebc44d01e90a91b06d3befd","s114340b","s11434b9","s11434f2"
"6bb2c4d59ebc44d01e90a91b06d3befd","s114340b","s11434b9","s11434f3"
"6bb2c4d59ebc44d01e90a91b06d3befd","s114340b","s11434b9","s11434f4"
"6bb2c4d59ebc44d01e90a91b06d3befd","s114340c"
"6bb2c4d59ebc44d01e90a91b06d3befd","s114340c","s1143413"
"6bb2c4d59ebc44d01e90a91b06d3befd","s114340c","s1143413","s1143424"
"6bb2c4d59ebc44d01e90a91b06d3befd","s114340c","s1143413","s1143425"
"6bb2c4d59ebc44d01e90a91b06d3befd","s114340c","s1143414"
"6bb2c4d59ebc44d01e90a91b06d3befd","s114340c","s1143414","s1143426"
"6bb2c4d59ebc44d01e90a91b06d3befd","s114340c","s1143434"
"6bb2c4d59ebc44d01e90a91b06d3befd","s114340c","s1143434","s1143446"
"6bb2c4d59ebc44d01e90a91b06d3befd","s114340c","s1143434","s1143447"
"6bb2c4d59ebc44d01e90a91b06d3befd","s114340c","s1143435"
"6bb2c4d59ebc44d01e90a91b06d3befd","s114340c","s1143435","s1143448"
"6bb2c4d59ebc44d01e90a91b06d3befd","s114340c","s1143436"
"6bb2c4d59ebc44d01e90a91b06d3befd","s114340c","s1143436","s1143449"
"6bb2c4d59ebc44d01e90a91b06d3befd","s114340c","s2390250"
"6bb2c4d59ebc44d01e90a91b06d3befd","s114340c","s2390250","s1143468"
"6bb2c4d59ebc44d01e90a91b06d3befd","s114340c","s2390250","s1143469"
"6bb2c4d59ebc44d01e90a91b06d3befd","s114340c","s2390251"
"6bb2c4d59ebc44d01e90a91b06d3befd","s114340c","s2390251","s1143488"
"6bb2c4d59ebc44d01e90a91b06d3befd","s114340c","s2390251","s1143489"
"6bb2c4d59ebc44d01e90a91b06d3befd","s114340c","s2390252"
"6bb2c4d59ebc44d01e90a91b06d3befd","s114340c","s2390252","s11434af"
"6bb2c4d59ebc44d01e90a91b06d3befd","s114340c","s2390253"
"6bb2c4d59ebc44d01e90a91b06d3befd","s114340c","s2390253","s11434fd"
"6bb2c4d59ebc44d01e90a91b06d3befd","s114340c","s1143450"
"6bb2c4d59ebc44d01e90a91b06d3befd","s114340c","s1143450","s1143460"
"6bb2c4d59ebc44d01e90a91b06d3befd","s114340c","s1143450","s1143461"
"6bb2c4d59ebc44d01e90a91b06d3befd","s114340c","s1143450","s1143462"
"6bb2c4d59ebc44d01e90a91b06d3befd","s114340c","s1143450","s1143463"
"6bb2c4d59ebc44d01e90a91b06d3befd","s114340c","s1143451"
"6bb2c4d59ebc44d01e90a91b06d3befd","s114340c","s1143451","s1143464"
"6bb2c4d59ebc44d01e90a91b06d3befd","s114340c","s1143451","s1143465"
"6bb2c4d59ebc44d01e90a91b06d3befd","s114340c","s1143452"
"6bb2c4d59ebc44d01e90a91b06d3befd","s114340c","s1143452","s1143466"
"6bb2c4d59ebc44d01e90a91b06d3befd","s114340c","s1143452","s1143467"
"6bb2c4d59ebc44d01e90a91b06d3befd","s114340c","s1143474"
"6bb2c4d59ebc44d01e90a91b06d3befd","s114340c","s1143474","s1143486"
"6bb2c4d59ebc44d01e90a91b06d3befd","s114340c","s1143474","s1143487"
"6bb2c4d59ebc44d01e90a91b06d3befd","s114340c","s1143475"
"6bb2c4d59ebc44d01e90a91b06d3befd","s114340c","s1143475","s114348a"
"6bb2c4d59ebc44d01e90a91b06d3befd","s114340c","s1143475","s114348a","s114369a"
"6bb2c4d59ebc44d01e90a91b06d3befd","s114340c","s1143475","s114348a","s114369b"
"6bb2c4d59ebc44d01e90a91b06d3befd","s114340c","s1143475","s114348b"
"6bb2c4d59ebc44d01e90a91b06d3befd","s114340c","s1143475","s114348c"
"6bb2c4d59ebc44d01e90a91b06d3befd","s114340c","s1143475","s114348c","s114369c"
"6bb2c4d59ebc44d01e90a91b06d3befd","s114340c","s1143475","s114348c","s114369d"
"6bb2c4d59ebc44d01e90a91b06d3befd","s114340c","s1143475","s114348c","s114369e"
"6bb2c4d59ebc44d01e90a91b06d3befd","s114340c","s1143475","s114348c","s114369f"
"6bb2c4d59ebc44d01e90a91b06d3befd","s114340c","s1143476"
"6bb2c4d59ebc44d01e90a91b06d3befd","s114340c","s1143476","s114348d"
"6bb2c4d59ebc44d01e90a91b06d3befd","s114340c","s1143497"
"6bb2c4d59ebc44d01e90a91b06d3befd","s114340c","s1143497","s11434ac"
"6bb2c4d59ebc44d01e90a91b06d3befd","s114340c","s1143497","s11434ad"
"6bb2c4d59ebc44d01e90a91b06d3befd","s114340c","s1143497","s11434ae"
"6bb2c4d59ebc44d01e90a91b06d3befd","s114340c","s1143498"
"6bb2c4d59ebc44d01e90a91b06d3befd","s114340c","s1143498","s11434b0"
"6bb2c4d59ebc44d01e90a91b06d3befd","s114340c","s1143498","s11434b0","s2373205"
"6bb2c4d59ebc44d01e90a91b06d3befd","s114340c","s1143498","s11434b0","s2373206"
"6bb2c4d59ebc44d01e90a91b06d3befd","s114340c","s1143498","s11434b1"
"6bb2c4d59ebc44d01e90a91b06d3befd","s114340c","s1143498","s11434b2"
"6bb2c4d59ebc44d01e90a91b06d3befd","s114340c","s11434bc"
"6bb2c4d59ebc44d01e90a91b06d3befd","s114340c","s11434bc","s11434fc"
"6bb2c4d59ebc44d01e90a91b06d3befd","s114340c","s11434bd"
"6bb2c4d59ebc44d01e90a91b06d3befd","s114340c","s11434bd","s11434fe"
"6bb2c4d59ebc44d01e90a91b06d3befd","s114340c","s11434bd","s11434fe","s11436a0"
"6bb2c4d59ebc44d01e90a91b06d3befd","s114340c","s11434bd","s11434fe","s11436a1"
"6bb2c4d59ebc44d01e90a91b06d3befd","s114340c","s11434bd","s11434ff"
"6bb2c4d59ebc44d01e90a91b06d3befd","s114340c","s11434bd","s1143500"
"6bb2c4d59ebc44d01e90a91b06d3befd","s114340c","s11434bd","s1143500","s11436a2"
"6bb2c4d59ebc44d01e90a91b06d3befd","s114340c","s11434bd","s1143500","s11436a3"
"6bb2c4d59ebc44d01e90a91b06d3befd","s114340c","s11434bd","s1143500","s11436a4"
"6bb2c4d59ebc44d01e90a91b06d3befd","s114340d"
"6bb2c4d59ebc44d01e90a91b06d3befd","s114340d","s1143415"
"6bb2c4d59ebc44d01e90a91b06d3befd","s114340d","s1143415","s1143427"
"6bb2c4d59ebc44d01e90a91b06d3befd","s114340d","s1143415","s1143428"
"6bb2c4d59ebc44d01e90a91b06d3befd","s114340d","s1143415","s1143429"
"6bb2c4d59ebc44d01e90a91b06d3befd","s114340d","s1143416"
"6bb2c4d59ebc44d01e90a91b06d3befd","s114340d","s1143416","s114342a"
"6bb2c4d59ebc44d01e90a91b06d3befd","s114340d","s1143416","s114342b"
"6bb2c4d59ebc44d01e90a91b06d3befd","s114340d","s1143416","s114342c"
"6bb2c4d59ebc44d01e90a91b06d3befd","s114340d","s1143437"
"6bb2c4d59ebc44d01e90a91b06d3befd","s114340d","s1143437","s114344a"
"6bb2c4d59ebc44d01e90a91b06d3befd","s114340d","s1143437","s114344b"
"6bb2c4d59ebc44d01e90a91b06d3befd","s114340d","s1143437","s114344c"
"6bb2c4d59ebc44d01e90a91b06d3befd","s114340d","s2390254"
"6bb2c4d59ebc44d01e90a91b06d3befd","s114340d","s2390254","s114346a"
"6bb2c4d59ebc44d01e90a91b06d3befd","s114340d","s2390254","s114346b"
"6bb2c4d59ebc44d01e90a91b06d3befd","s114340d","s2390254","s114346c"
"6bb2c4d59ebc44d01e90a91b06d3befd","s114340d","s2390255"
"6bb2c4d59ebc44d01e90a91b06d3befd","s114340d","s2390255","s114348e"
"6bb2c4d59ebc44d01e90a91b06d3befd","s114340d","s2390255","s114348f"
"6bb2c4d59ebc44d01e90a91b06d3befd","s114340d","s1143499"
"6bb2c4d59ebc44d01e90a91b06d3befd","s114340d","s1143499","s11434b3"
"6bb2c4d59ebc44d01e90a91b06d3befd","s114340d","s1143499","s11434b4"
"6bb2c4d59ebc44d01e90a91b06d3befd","s114340d","s1143499","s11434b5"
"6bb2c4d59ebc44d01e90a91b06d3befd","s114340d","s11434be"
"6bb2c4d59ebc44d01e90a91b06d3befd","s114340d","s11434be","s1143501"
"6bb2c4d59ebc44d01e90a91b06d3befd","s114340d","s11434be","s1143502"
"6bb2c4d59ebc44d01e90a91b06d3befd","s114340d","s11434bf"
"6bb2c4d59ebc44d01e90a91b06d3befd","s114340d","s11434bf","s1143503"
"6bb2c4d59ebc44d01e90a91b06d3befd","s114340d","s11434bf","s1143504"
"6bb2c4d59ebc44d01e90a91b06d3befd","s114340d","s11434ca"
"6bb2c4d59ebc44d01e90a91b06d3befd","s114340d","s11434ca","s11434e2"
"6bb2c4d59ebc44d01e90a91b06d3befd","s114340d","s11434ca","s11434e3"
"6bb2c4d59ebc44d01e90a91b06d3befd","s114340d","s11434ca","s11434e4"
"6bb2c4d59ebc44d01e90a91b06d3befd","s114340d","s11434ca","s11434e5"
"6bb2c4d59ebc44d01e90a91b06d3befd","s114340d","s1143509"
"6bb2c4d59ebc44d01e90a91b06d3befd","s114340d","s1143509","s1143518"
"6bb2c4d59ebc44d01e90a91b06d3befd","s114340d","s1143509","s1143519"
"6bb2c4d59ebc44d01e90a91b06d3befd","s114340d","s1143509","s114351a"
"6bb2c4d59ebc44d01e90a91b06d3befd","s114340d","s114350a"
"6bb2c4d59ebc44d01e90a91b06d3befd","s114340d","s114350a","s114351b"
"6bb2c4d59ebc44d01e90a91b06d3befd","s114340d","s114350a","s114351c"
"6bb2c4d59ebc44d01e90a91b06d3befd","s114340d","s114350a","s114351d"
"6bb2c4d59ebc44d01e90a91b06d3befd","s114340d","s114353c"
"6bb2c4d59ebc44d01e90a91b06d3befd","s114340d","s114353c","s114353d"
"6bb2c4d59ebc44d01e90a91b06d3befd","s114340d","s114353c","s114353d","s2373207"
"6bb2c4d59ebc44d01e90a91b06d3befd","s114340d","s114353c","s114353d","s2373208"
"6bb2c4d59ebc44d01e90a91b06d3befd","s114340d","s114353c","s114353d","s2373209"
"6bb2c4d59ebc44d01e90a91b06d3befd","s114340d","s114353c","s114353e"
"6bb2c4d59ebc44d01e90a91b06d3befd","s114340d","s114353c","s114353f"
"6bb2c4d59ebc44d01e90a91b06d3befd","s114340d","s114353c","s1143540"
"6bb2c4d59ebc44d01e90a91b06d3befd","s114340d","s114353c","s1143541"
"6bb2c4d59ebc44d01e90a91b06d3befd","s114340d","s1143542"
"6bb2c4d59ebc44d01e90a91b06d3befd","s114340d","s1143542","s1143544"
"6bb2c4d59ebc44d01e90a91b06d3befd","s114340d","s1143542","s1143545"
"6bb2c4d59ebc44d01e90a91b06d3befd","s114340d","s1143542","s1143546"
"6bb2c4d59ebc44d01e90a91b06d3befd","s114340d","s1143543"
"6bb2c4d59ebc44d01e90a91b06d3befd","s114340d","s1143543","s1143547"
"6bb2c4d59ebc44d01e90a91b06d3befd","s1143472"
"6bb2c4d59ebc44d01e90a91b06d3befd","s1143472","s1143473"
"6bb2c4d59ebc44d01e90a91b06d3befd","s1143472","s1143473","s1143483"
"6bb2c4d59ebc44d01e90a91b06d3befd","s1143472","s1143473","s1143484"
"6bb2c4d59ebc44d01e90a91b06d3befd","s1143472","s1143473","s1143484","s114368f"
"6bb2c4d59ebc44d01e90a91b06d3befd","s1143472","s1143473","s1143484","s1143690"
"6bb2c4d59ebc44d01e90a91b06d3befd","s1143472","s1143473","s1143485"
"6bb2c4d59ebc44d01e90a91b06d3befd","s1143472","s1143473","s1143485","s1143691"
"6bb2c4d59ebc44d01e90a91b06d3befd","s1143472","s1143473","s1143485","s1143692"
"6bb2c4d59ebc44d01e90a91b06d3befd","s1143472","s1143473","s1143485","s1143693"
"6bb2c4d59ebc44d01e90a91b06d3befd","s1143472","s1143473","s1143485","s1143694"
"6bb2c4d59ebc44d01e90a91b06d3befd","s1143472","s1143494"
"6bb2c4d59ebc44d01e90a91b06d3befd","s1143472","s1143494","s11434a5"
"6bb2c4d59ebc44d01e90a91b06d3befd","s1143472","s1143494","s11434a6"
"6bb2c4d59ebc44d01e90a91b06d3befd","s1143472","s1143495"
"6bb2c4d59ebc44d01e90a91b06d3befd","s1143472","s1143495","s11434a7"
"6bb2c4d59ebc44d01e90a91b06d3befd","s1143472","s1143495","s11434a7","s114368b"
"6bb2c4d59ebc44d01e90a91b06d3befd","s1143472","s1143495","s11434a7","s114368c"
"6bb2c4d59ebc44d01e90a91b06d3befd","s1143472","s1143495","s11434a7","s114368d"
"6bb2c4d59ebc44d01e90a91b06d3befd","s1143472","s1143495","s11434a7","s114368e"
"6bb2c4d59ebc44d01e90a91b06d3befd","s1143472","s1143495","s11434a8"
"6bb2c4d59ebc44d01e90a91b06d3befd","s1143472","s1143495","s11434a8","s1143688"
"6bb2c4d59ebc44d01e90a91b06d3befd","s1143472","s1143495","s11434a8","s1143689"
"6bb2c4d59ebc44d01e90a91b06d3befd","s1143472","s1143495","s11434a8","s114368a"
"6bb2c4d59ebc44d01e90a91b06d3befd","s1143472","s1143496"
"6bb2c4d59ebc44d01e90a91b06d3befd","s1143472","s1143496","s11434a9"
"6bb2c4d59ebc44d01e90a91b06d3befd","s1143472","s1143496","s11434aa"
"6bb2c4d59ebc44d01e90a91b06d3befd","s1143472","s1143496","s11434ab"
"6bb2c4d59ebc44d01e90a91b06d3befd","s1143472","s11434ba"
"6bb2c4d59ebc44d01e90a91b06d3befd","s1143472","s11434ba","s11434f5"
"6bb2c4d59ebc44d01e90a91b06d3befd","s1143472","s11434ba","s11434f6"
"6bb2c4d59ebc44d01e90a91b06d3befd","s1143472","s11434bb"
"6bb2c4d59ebc44d01e90a91b06d3befd","s1143472","s11434bb","s11434f7"
"6bb2c4d59ebc44d01e90a91b06d3befd","s1143472","s11434bb","s11434f8"
"6bb2c4d59ebc44d01e90a91b06d3befd","s1143472","s11434bb","s11434f8","s1143683"
"6bb2c4d59ebc44d01e90a91b06d3befd","s1143472","s11434bb","s11434f8","s1143684"
"6bb2c4d59ebc44d01e90a91b06d3befd","s1143472","s11434bb","s11434f9"
"6bb2c4d59ebc44d01e90a91b06d3befd","s1143472","s11434bb","s11434f9","s2373210"
"6bb2c4d59ebc44d01e90a91b06d3befd","s1143472","s11434bb","s11434f9","s2373211"
"6bb2c4d59ebc44d01e90a91b06d3befd","s1143472","s11434bb","s11434fa"
"6bb2c4d59ebc44d01e90a91b06d3befd","s1143472","s11434bb","s11434fb"
"6bb2c4d59ebc44d01e90a91b06d3befd","s1143472","s11434bb","s11434fb","s1143685"
"6bb2c4d59ebc44d01e90a91b06d3befd","s1143472","s11434bb","s11434fb","s1143686"
"6bb2c4d59ebc44d01e90a91b06d3befd","s1143472","s11434bb","s11434fb","s1143687"
"6bb2c4d59ebc44d01e90a91b06d3befd","s11434c0"
"6bb2c4d59ebc44d01e90a91b06d3befd","s11434c0","s11434c1"
"6bb2c4d59ebc44d01e90a91b06d3befd","s11434c0","s11434c1","s11434ce"
"6bb2c4d59ebc44d01e90a91b06d3befd","s11434c0","s11434c1","s11434cf"
"6bb2c4d59ebc44d01e90a91b06d3befd","s11434c0","s11434c1","s11434d0"
"6bb2c4d59ebc44d01e90a91b06d3befd","s11434c0","s11434c1","s11434d0","s114367f"
"6bb2c4d59ebc44d01e90a91b06d3befd","s11434c0","s11434c1","s11434d0","s1143680"
"6bb2c4d59ebc44d01e90a91b06d3befd","s11434c0","s11434c1","s11434d0","s1143681"
"6bb2c4d59ebc44d01e90a91b06d3befd","s11434c0","s11434c1","s11434d0","s1143682"
"6bb2c4d59ebc44d01e90a91b06d3befd","s11434c0","s1143505"
"6bb2c4d59ebc44d01e90a91b06d3befd","s11434c0","s1143505","s114350e"
"6bb2c4d59ebc44d01e90a91b06d3befd","s11434c0","s1143505","s114350f"
"6bb2c4d59ebc44d01e90a91b06d3befd","s11434c0","s1143505","s114350f","s114367b"
"6bb2c4d59ebc44d01e90a91b06d3befd","s11434c0","s1143505","s114350f","s114367c"
"6bb2c4d59ebc44d01e90a91b06d3befd","s11434c0","s1143505","s114350f","s114367d"
"6bb2c4d59ebc44d01e90a91b06d3befd","s11434c0","s1143505","s114350f","s114367e"
"6bb2c4d59ebc44d01e90a91b06d3befd","s11434c0","s1143505","s1143510"
"6bb2c4d59ebc44d01e90a91b06d3befd","s11434c2"
"6bb2c4d59ebc44d01e90a91b06d3befd","s11434c2","s11434c3"
"6bb2c4d59ebc44d01e90a91b06d3befd","s11434c2","s11434c3","s11434d1"
"6bb2c4d59ebc44d01e90a91b06d3befd","s11434c2","s11434c4"
"6bb2c4d59ebc44d01e90a91b06d3befd","s11434c2","s11434c4","s11434d2"
"6bb2c4d59ebc44d01e90a91b06d3befd","s11434c2","s11434c4","s11434d3"
"6bb2c4d59ebc44d01e90a91b06d3befd","s11434c2","s11434c4","s11434d4"
"6bb2c4d59ebc44d01e90a91b06d3befd","s11434c2","s11434c5"
"6bb2c4d59ebc44d01e90a91b06d3befd","s11434c2","s11434c5","s11434d5"
"6bb2c4d59ebc44d01e90a91b06d3befd","s11434c2","s11434c5","s11434d6"
"6bb2c4d59ebc44d01e90a91b06d3befd","s11434c2","s11434c5","s11434d6","s1143674"
"6bb2c4d59ebc44d01e90a91b06d3befd","s11434c2","s11434c5","s11434d6","s1143675"
"6bb2c4d59ebc44d01e90a91b06d3befd","s11434c2","s11434c5","s11434d6","s1143676"
"6bb2c4d59ebc44d01e90a91b06d3befd","s11434c2","s11434c5","s11434d7"
"6bb2c4d59ebc44d01e90a91b06d3befd","s11434c2","s11434c5","s11434d7","s1143677"
"6bb2c4d59ebc44d01e90a91b06d3befd","s11434c2","s11434c5","s11434d7","s1143678"
"6bb2c4d59ebc44d01e90a91b06d3befd","s11434c2","s11434c5","s11434d7","s1143679"
"6bb2c4d59ebc44d01e90a91b06d3befd","s11434c2","s11434c5","s11434d7","s114367a"
"6bb2c4d59ebc44d01e90a91b06d3befd","s11434c2","s11434c5","s11434d8"
"6bb2c4d59ebc44d01e90a91b06d3befd","s11434c2","s1143506"
"6bb2c4d59ebc44d01e90a91b06d3befd","s11434c2","s1143506","s1143511"
"6bb2c4d59ebc44d01e90a91b06d3befd","s11434c2","s1143506","s1143511","s1143670"
"6bb2c4d59ebc44d01e90a91b06d3befd","s11434c2","s1143506","s1143511","s1143671"
"6bb2c4d59ebc44d01e90a91b06d3befd","s11434c2","s1143506","s1143511","s1143672"
"6bb2c4d59ebc44d01e90a91b06d3befd","s11434c2","s1143506","s1143511","s1143673"
"6bb2c4d59ebc44d01e90a91b06d3befd","s11434c2","s1143506","s1143512"
"6bb2c4d59ebc44d01e90a91b06d3befd","s11434c2","s1143506","s1143512","s114366c"
"6bb2c4d59ebc44d01e90a91b06d3befd","s11434c2","s1143506","s1143512","s114366d"
"6bb2c4d59ebc44d01e90a91b06d3befd","s11434c2","s1143506","s1143512","s114366e"
"6bb2c4d59ebc44d01e90a91b06d3befd","s11434c2","s1143506","s1143512","s114366f"
"6bb2c4d59ebc44d01e90a91b06d3befd","s11434c2","s1143506","s1143513"
"6bb2c4d59ebc44d01e90a91b06d3befd","s11434c2","s1143527"
"6bb2c4d59ebc44d01e90a91b06d3befd","s11434c2","s1143527","s1143528"
"6bb2c4d59ebc44d01e90a91b06d3befd","s11434c2","s1143527","s1143529"
"6bb2c4d59ebc44d01e90a91b06d3befd","s11434c6"
"6bb2c4d59ebc44d01e90a91b06d3befd","s11434c6","s11434c7"
"6bb2c4d59ebc44d01e90a91b06d3befd","s11434c6","s11434c7","s11434d9"
"6bb2c4d59ebc44d01e90a91b06d3befd","s11434c6","s11434c7","s11434da"
"6bb2c4d59ebc44d01e90a91b06d3befd","s11434c6","s11434c7","s11434da","s1143669"
"6bb2c4d59ebc44d01e90a91b06d3befd","s11434c6","s11434c7","s11434da","s114366a"
"6bb2c4d59ebc44d01e90a91b06d3befd","s11434c6","s11434c7","s11434da","s114366b"
"6bb2c4d59ebc44d01e90a91b06d3befd","s11434c6","s11434c7","s11434db"
"6bb2c4d59ebc44d01e90a91b06d3befd","s11434c6","s11434c7","s11434dc"
"6bb2c4d59ebc44d01e90a91b06d3befd","s11434c6","s11434c8"
"6bb2c4d59ebc44d01e90a91b06d3befd","s11434c6","s11434c8","s11434dd"
"6bb2c4d59ebc44d01e90a91b06d3befd","s11434c6","s11434c8","s11434de"
"6bb2c4d59ebc44d01e90a91b06d3befd","s11434c6","s11434c8","s11434df"
"6bb2c4d59ebc44d01e90a91b06d3befd","s11434c6","s11434c8","s11434e0"
"6bb2c4d59ebc44d01e90a91b06d3befd","s11434c6","s11434c9"
"6bb2c4d59ebc44d01e90a91b06d3befd","s11434c6","s11434c9","s11434e1"
"6bb2c4d59ebc44d01e90a91b06d3befd","s11434c6","s1143507"
"6bb2c4d59ebc44d01e90a91b06d3befd","s11434c6","s1143507","s1143514"
"6bb2c4d59ebc44d01e90a91b06d3befd","s11434c6","s1143507","s1143515"
"6bb2c4d59ebc44d01e90a91b06d3befd","s11434c6","s1143508"
"6bb2c4d59ebc44d01e90a91b06d3befd","s11434c6","s1143508","s1143516"
"6bb2c4d59ebc44d01e90a91b06d3befd","s11434c6","s1143508","s1143517"
"6bb2c4d59ebc44d01e90a91b06d3befd","s11434c6","s1143508","s1143517","s1143667"
"6bb2c4d59ebc44d01e90a91b06d3befd","s11434c6","s1143508","s1143517","s1143668"
"6bb2c4d59ebc44d01e90a91b06d3befd","s11434c6","s114352a"
"6bb2c4d59ebc44d01e90a91b06d3befd","s11434c6","s114352a","s114352d"
"6bb2c4d59ebc44d01e90a91b06d3befd","s11434c6","s114352a","s114352e"
"6bb2c4d59ebc44d01e90a91b06d3befd","s11434c6","s114352a","s114352f"
"6bb2c4d59ebc44d01e90a91b06d3befd","s11434c6","s114352a","s1143530"
"6bb2c4d59ebc44d01e90a91b06d3befd","s11434c6","s114352b"
"6bb2c4d59ebc44d01e90a91b06d3befd","s11434c6","s114352b","s1143531"
"6bb2c4d59ebc44d01e90a91b06d3befd","s11434c6","s114352b","s1143532"
"6bb2c4d59ebc44d01e90a91b06d3befd","s11434c6","s114352c"
"6bb2c4d59ebc44d01e90a91b06d3befd","s11434c6","s114352c","s1143533"
"6bb2c4d59ebc44d01e90a91b06d3befd","s11434c6","s114352c","s1143533","s1143662"
"6bb2c4d59ebc44d01e90a91b06d3befd","s11434c6","s114352c","s1143533","s1143663"
"6bb2c4d59ebc44d01e90a91b06d3befd","s11434c6","s114352c","s1143534"
"6bb2c4d59ebc44d01e90a91b06d3befd","s11434c6","s114352c","s1143534","s1143664"
"6bb2c4d59ebc44d01e90a91b06d3befd","s11434c6","s114352c","s1143534","s1143665"
"6bb2c4d59ebc44d01e90a91b06d3befd","s11434c6","s114352c","s1143534","s1143666"
"6bb2c4d59ebc44d01e90a91b06d3befd","s11434cb"
"6bb2c4d59ebc44d01e90a91b06d3befd","s11434cb","s11434cc"
"6bb2c4d59ebc44d01e90a91b06d3befd","s11434cb","s11434cc","s11434e6"
"6bb2c4d59ebc44d01e90a91b06d3befd","s11434cb","s11434cc","s11434e7"
"6bb2c4d59ebc44d01e90a91b06d3befd","s11434cb","s11434cc","s11434e8"
"6bb2c4d59ebc44d01e90a91b06d3befd","s11434cb","s11434cd"
"6bb2c4d59ebc44d01e90a91b06d3befd","s11434cb","s11434cd","s11434e9"
"6bb2c4d59ebc44d01e90a91b06d3befd","s11434cb","s11434cd","s11434ea"
"6bb2c4d59ebc44d01e90a91b06d3befd","s11434cb","s11434cd","s11434ea","s2373212"
"6bb2c4d59ebc44d01e90a91b06d3befd","s11434cb","s11434cd","s11434ea","s2373213"
"6bb2c4d59ebc44d01e90a91b06d3befd","s11434cb","s11434cd","s11434ea","s2373214"
"6bb2c4d59ebc44d01e90a91b06d3befd","s11434cb","s11434cd","s11434ea","s2373215"
"6bb2c4d59ebc44d01e90a91b06d3befd","s11434cb","s114350b"
"6bb2c4d59ebc44d01e90a91b06d3befd","s11434cb","s114350b","s114351e"
"6bb2c4d59ebc44d01e90a91b06d3befd","s11434cb","s114350b","s114351f"
"6bb2c4d59ebc44d01e90a91b06d3befd","s11434cb","s114350c"
"6bb2c4d59ebc44d01e90a91b06d3befd","s11434cb","s114350c","s1143520"
"6bb2c4d59ebc44d01e90a91b06d3befd","s11434cb","s114350c","s1143521"
"6bb2c4d59ebc44d01e90a91b06d3befd","s11434cb","s114350d"
"6bb2c4d59ebc44d01e90a91b06d3befd","s11434cb","s114350d","s1143522"
"6bb2c4d59ebc44d01e90a91b06d3befd","s11434cb","s114350d","s1143523"
"6bb2c4d59ebc44d01e90a91b06d3befd","s11434cb","s114350d","s1143524"
"6bb2c4d59ebc44d01e90a91b06d3befd","s11434cb","s114350d","s1143524","s114365d"
"6bb2c4d59ebc44d01e90a91b06d3befd","s11434cb","s114350d","s1143524","s114365e"
"6bb2c4d59ebc44d01e90a91b06d3befd","s11434cb","s114350d","s1143525"
"6bb2c4d59ebc44d01e90a91b06d3befd","s11434cb","s114350d","s1143525","s114365f"
"6bb2c4d59ebc44d01e90a91b06d3befd","s11434cb","s114350d","s1143525","s1143660"
"6bb2c4d59ebc44d01e90a91b06d3befd","s11434cb","s114350d","s1143525","s1143661"
"6bb2c4d59ebc44d01e90a91b06d3befd","s11434cb","s1143548"
"6bb2c4d59ebc44d01e90a91b06d3befd","s11434cb","s1143548","s1143549"
"6bb2c4d59ebc44d01e90a91b06d3befd","s11434cb","s1143548","s114354a"
"6bb2c4d59ebc44d01e90a91b06d3befd","s11434cb","s1143548","s114354b"
"6bb2c4d59ebc44d01e90a91b06d3befd","s11434cb","s1143548","s114354c"
"6bb2c4d59ebc44d01e90a91b06d3befd","s1143526"
"6bb2c4d59ebc44d01e90a91b06d3befd","s1143526","s1143535"
"6bb2c4d59ebc44d01e90a91b06d3befd","s1143526","s1143535","s1143537"
"6bb2c4d59ebc44d01e90a91b06d3befd","s1143526","s1143535","s1143538"
"6bb2c4d59ebc44d01e90a91b06d3befd","s1143526","s1143535","s1143539"
"6bb2c4d59ebc44d01e90a91b06d3befd","s1143526","s1143536"
"6bb2c4d59ebc44d01e90a91b06d3befd","s1143526","s1143536","s114353a"
"6bb2c4d59ebc44d01e90a91b06d3befd","s1143526","s1143536","s114353b"
"6bb2c4d59ebc44d01e90a91b06d3befd","s114354d"
"6bb2c4d59ebc44d01e90a91b06d3befd","s114354d","s1143553"
"6bb2c4d59ebc44d01e90a91b06d3befd","s114354d","s1143553","s1143596"
"6bb2c4d59ebc44d01e90a91b06d3befd","s114354d","s1143553","s1143596","s114360f"
"6bb2c4d59ebc44d01e90a91b06d3befd","s114354d","s1143553","s1143596","s1143610"
"6bb2c4d59ebc44d01e90a91b06d3befd","s114354d","s1143553","s1143597"
"6bb2c4d59ebc44d01e90a91b06d3befd","s114354d","s1143553","s1143597","s1143611"
"6bb2c4d59ebc44d01e90a91b06d3befd","s114354d","s1143554"
"6bb2c4d59ebc44d01e90a91b06d3befd","s114354d","s1143554","s1143598"
"6bb2c4d59ebc44d01e90a91b06d3befd","s114354d","s1143554","s1143598","s1143612"
"6bb2c4d59ebc44d01e90a91b06d3befd","s114354d","s1143554","s1143598","s1143613"
"6bb2c4d59ebc44d01e90a91b06d3befd","s114354d","s1143554","s1143598","s1143614"
"6bb2c4d59ebc44d01e90a91b06d3befd","s114354d","s1143555"
"6bb2c4d59ebc44d01e90a91b06d3befd","s114354d","s1143555","s1143599"
"6bb2c4d59ebc44d01e90a91b06d3befd","s114354d","s1143555","s1143599","s1143615"
"6bb2c4d59ebc44d01e90a91b06d3befd","s114354d","s1143555","s1143599","s1143616"
"6bb2c4d59ebc44d01e90a91b06d3befd","s114354d","s1143555","s1143599","s1143617"
"6bb2c4d59ebc44d01e90a91b06d3befd","s114354d","s1143555","s114359a"
"6bb2c4d59ebc44d01e90a91b06d3befd","s114354d","s1143555","s114359a","s1143618"
"6bb2c4d59ebc44d01e90a91b06d3befd","s114354d","s1143555","s114359a","s1143619"
"6bb2c4d59ebc44d01e90a91b06d3befd","s114354d","s1143555","s114359a","s114361a"
"6bb2c4d59ebc44d01e90a91b06d3befd","s114354d","s1143555","s114359b"
"6bb2c4d59ebc44d01e90a91b06d3befd","s114354d","s1143555","s114359b","s114361b"
"6bb2c4d59ebc44d01e90a91b06d3befd","s114354d","s1143555","s114359b","s114361c"
"6bb2c4d59ebc44d01e90a91b06d3befd","s114354d","s1143555","s114359b","s114361d"
"6bb2c4d59ebc44d01e90a91b06d3befd","s114354d","s1143556"
"6bb2c4d59ebc44d01e90a91b06d3befd","s114354d","s1143556","s114359c"
"6bb2c4d59ebc44d01e90a91b06d3befd","s114354d","s1143556","s114359c","s114361e"
"6bb2c4d59ebc44d01e90a91b06d3befd","s114354d","s1143556","s114359c","s114361f"
"6bb2c4d59ebc44d01e90a91b06d3befd","s114354d","s1143556","s114359c","s1143620"
"6bb2c4d59ebc44d01e90a91b06d3befd","s114354d","s1143556","s114359d"
"6bb2c4d59ebc44d01e90a91b06d3befd","s114354d","s1143556","s114359d","s1143621"
"6bb2c4d59ebc44d01e90a91b06d3befd","s114354d","s1143556","s114359d","s1143621","s1143658"
"6bb2c4d59ebc44d01e90a91b06d3befd","s114354d","s1143556","s114359d","s1143621","s1143659"
"6bb2c4d59ebc44d01e90a91b06d3befd","s114354d","s1143556","s114359d","s1143621","s114365a"
"6bb2c4d59ebc44d01e90a91b06d3befd","s114354d","s1143556","s114359d","s1143622"
"6bb2c4d59ebc44d01e90a91b06d3befd","s114354d","s1143556","s114359d","s1143622","s114365b"
"6bb2c4d59ebc44d01e90a91b06d3befd","s114354d","s1143556","s114359d","s1143622","s114365c"
"6bb2c4d59ebc44d01e90a91b06d3befd","s114354d","s1143556","s114359e"
"6bb2c4d59ebc44d01e90a91b06d3befd","s114354d","s1143556","s114359e","s1143623"
"6bb2c4d59ebc44d01e90a91b06d3befd","s114354d","s1143556","s114359e","s1143624"
"6bb2c4d59ebc44d01e90a91b06d3befd","s114354d","s1143556","s114359e","s1143625"
"6bb2c4d59ebc44d01e90a91b06d3befd","s114354d","s1143556","s114359e","s1143626"
"6bb2c4d59ebc44d01e90a91b06d3befd","s114354d","s1143556","s114359e","s1143627"
"6bb2c4d59ebc44d01e90a91b06d3befd","s114354d","s1143556","s114359e","s1143628"
"6bb2c4d59ebc44d01e90a91b06d3befd","s114354d","s1143556","s114359e","s1143629"
"6bb2c4d59ebc44d01e90a91b06d3befd","s114354e"
"6bb2c4d59ebc44d01e90a91b06d3befd","s114354e","s1143557"
"6bb2c4d59ebc44d01e90a91b06d3befd","s114354e","s1143557","s114358b"
"6bb2c4d59ebc44d01e90a91b06d3befd","s114354e","s1143557","s114358b","s114362a"
"6bb2c4d59ebc44d01e90a91b06d3befd","s114354e","s1143557","s114358b","s114362a","s1143651"
"6bb2c4d59ebc44d01e90a91b06d3befd","s114354e","s1143557","s114358b","s114362a","s1143652"
"6bb2c4d59ebc44d01e90a91b06d3befd","s114354e","s1143557","s114358b","s114362b"
"6bb2c4d59ebc44d01e90a91b06d3befd","s114354e","s1143557","s114358c"
"6bb2c4d59ebc44d01e90a91b06d3befd","s114354e","s1143557","s114358c","s114362c"
"6bb2c4d59ebc44d01e90a91b06d3befd","s114354e","s1143557","s114358c","s114362c","s1143653"
"6bb2c4d59ebc44d01e90a91b06d3befd","s114354e","s1143557","s114358c","s114362c","s1143654"
"6bb2c4d59ebc44d01e90a91b06d3befd","s114354e","s1143557","s114358c","s114362c","s1143655"
"6bb2c4d59ebc44d01e90a91b06d3befd","s114354e","s1143557","s114358c","s114362d"
"6bb2c4d59ebc44d01e90a91b06d3befd","s114354e","s1143558"
"6bb2c4d59ebc44d01e90a91b06d3befd","s114354e","s1143558","s114358d"
"6bb2c4d59ebc44d01e90a91b06d3befd","s114354e","s1143558","s114358d","s114362e"
"6bb2c4d59ebc44d01e90a91b06d3befd","s114354e","s1143558","s114358e"
"6bb2c4d59ebc44d01e90a91b06d3befd","s114354e","s1143558","s114358e","s114362f"
"6bb2c4d59ebc44d01e90a91b06d3befd","s114354e","s1143558","s114358e","s1143630"
"6bb2c4d59ebc44d01e90a91b06d3befd","s114354e","s1143558","s114358f"
"6bb2c4d59ebc44d01e90a91b06d3befd","s114354e","s1143558","s114358f","s1143631"
"6bb2c4d59ebc44d01e90a91b06d3befd","s114354e","s1143558","s114358f","s1143632"
"6bb2c4d59ebc44d01e90a91b06d3befd","s114354e","s1143558","s1143590"
"6bb2c4d59ebc44d01e90a91b06d3befd","s114354e","s1143558","s1143590","s1143633"
"6bb2c4d59ebc44d01e90a91b06d3befd","s114354e","s1143558","s1143590","s1143634"
"6bb2c4d59ebc44d01e90a91b06d3befd","s114354e","s1143559"
"6bb2c4d59ebc44d01e90a91b06d3befd","s114354e","s1143559","s1143591"
"6bb2c4d59ebc44d01e90a91b06d3befd","s114354e","s1143559","s1143591","s1143635"
"6bb2c4d59ebc44d01e90a91b06d3befd","s114354e","s1143559","s1143591","s1143636"
"6bb2c4d59ebc44d01e90a91b06d3befd","s114354e","s1143559","s1143591","s1143637"
"6bb2c4d59ebc44d01e90a91b06d3befd","s114354e","s1143559","s1143591","s1143638"
"6bb2c4d59ebc44d01e90a91b06d3befd","s114354e","s114355a"
"6bb2c4d59ebc44d01e90a91b06d3befd","s114354e","s114355a","s1143592"
"6bb2c4d59ebc44d01e90a91b06d3befd","s114354e","s114355a","s1143592","s1143639"
"6bb2c4d59ebc44d01e90a91b06d3befd","s114354e","s114355a","s1143592","s114363a"
"6bb2c4d59ebc44d01e90a91b06d3befd","s114354e","s114355a","s1143593"
"6bb2c4d59ebc44d01e90a91b06d3befd","s114354e","s114355a","s1143593","s114363b"
"6bb2c4d59ebc44d01e90a91b06d3befd","s114354e","s114355a","s1143593","s114363c"
"6bb2c4d59ebc44d01e90a91b06d3befd","s114354e","s114355a","s1143593","s114363c","s1143656"
"6bb2c4d59ebc44d01e90a91b06d3befd","s114354e","s114355a","s1143593","s114363c","s1143657"
"6bb2c4d59ebc44d01e90a91b06d3befd","s114354e","s114355a","s1143594"
"6bb2c4d59ebc44d01e90a91b06d3befd","s114354e","s114355a","s1143594","s114363d"
"6bb2c4d59ebc44d01e90a91b06d3befd","s114354e","s114355a","s1143594","s114363e"
"6bb2c4d59ebc44d01e90a91b06d3befd","s114354e","s114355a","s1143594","s114363f"
"6bb2c4d59ebc44d01e90a91b06d3befd","s114354e","s114355a","s1143594","s1143640"
"6bb2c4d59ebc44d01e90a91b06d3befd","s114354e","s114355a","s1143594","s1143641"
"6bb2c4d59ebc44d01e90a91b06d3befd","s114354e","s114355a","s1143595"
"6bb2c4d59ebc44d01e90a91b06d3befd","s114354e","s114355a","s1143595","s1143642"
"6bb2c4d59ebc44d01e90a91b06d3befd","s114354e","s114355a","s1143595","s1143643"
"6bb2c4d59ebc44d01e90a91b06d3befd","s114354e","s114355a","s1143595","s1143644"
"6bb2c4d59ebc44d01e90a91b06d3befd","s114354f"
"6bb2c4d59ebc44d01e90a91b06d3befd","s114354f","s114355b"
"6bb2c4d59ebc44d01e90a91b06d3befd","s114354f","s114355b","s1143581"
"6bb2c4d59ebc44d01e90a91b06d3befd","s114354f","s114355b","s1143581","s11435e9"
"6bb2c4d59ebc44d01e90a91b06d3befd","s114354f","s114355b","s1143581","s11435ea"
"6bb2c4d59ebc44d01e90a91b06d3befd","s114354f","s114355b","s1143581","s11435eb"
"6bb2c4d59ebc44d01e90a91b06d3befd","s114354f","s114355b","s1143582"
"6bb2c4d59ebc44d01e90a91b06d3befd","s114354f","s114355b","s1143582","s11435ec"
"6bb2c4d59ebc44d01e90a91b06d3befd","s114354f","s114355b","s1143582","s11435ed"
"6bb2c4d59ebc44d01e90a91b06d3befd","s114354f","s114355b","s1143582","s11435ee"
"6bb2c4d59ebc44d01e90a91b06d3befd","s114354f","s114355b","s1143583"
"6bb2c4d59ebc44d01e90a91b06d3befd","s114354f","s114355b","s1143583","s11435ef"
"6bb2c4d59ebc44d01e90a91b06d3befd","s114354f","s114355b","s1143583","s11435ef","s114364a"
"6bb2c4d59ebc44d01e90a91b06d3befd","s114354f","s114355b","s1143583","s11435ef","s114364b"
"6bb2c4d59ebc44d01e90a91b06d3befd","s114354f","s114355b","s1143583","s11435ef","s114364c"
"6bb2c4d59ebc44d01e90a91b06d3befd","s114354f","s114355b","s1143583","s11435ef","s114364d"
"6bb2c4d59ebc44d01e90a91b06d3befd","s114354f","s114355b","s1143583","s11435ef","s114364e"
"6bb2c4d59ebc44d01e90a91b06d3befd","s114354f","s114355b","s1143583","s11435f0"
"6bb2c4d59ebc44d01e90a91b06d3befd","s114354f","s114355b","s1143583","s11435f0","s114364f"
"6bb2c4d59ebc44d01e90a91b06d3befd","s114354f","s114355b","s1143583","s11435f0","s1143650"
"6bb2c4d59ebc44d01e90a91b06d3befd","s114354f","s114355b","s1143583","s11435f1"
"6bb2c4d59ebc44d01e90a91b06d3befd","s114354f","s114355c"
"6bb2c4d59ebc44d01e90a91b06d3befd","s114354f","s114355c","s1143584"
"6bb2c4d59ebc44d01e90a91b06d3befd","s114354f","s114355c","s1143584","s11435f2"
"6bb2c4d59ebc44d01e90a91b06d3befd","s114354f","s114355c","s1143584","s11435f2","s11435f3"
"6bb2c4d59ebc44d01e90a91b06d3befd","s114354f","s114355c","s1143584","s11435f2","s11435f4"
"6bb2c4d59ebc44d01e90a91b06d3befd","s114354f","s114355c","s1143584","s11435f2","s11435f5"
"6bb2c4d59ebc44d01e90a91b06d3befd","s114354f","s114355c","s1143584","s11435f6"
"6bb2c4d59ebc44d01e90a91b06d3befd","s114354f","s114355c","s1143585"
"6bb2c4d59ebc44d01e90a91b06d3befd","s114354f","s114355c","s1143585","s11435f7"
"6bb2c4d59ebc44d01e90a91b06d3befd","s114354f","s114355c","s1143585","s11435f8"
"6bb2c4d59ebc44d01e90a91b06d3befd","s114354f","s114355c","s1143585","s11435f8","s11435f9"
"6bb2c4d59ebc44d01e90a91b06d3befd","s114354f","s114355c","s1143585","s11435f8","s11435fa"
"6bb2c4d59ebc44d01e90a91b06d3befd","s114354f","s114355c","s1143585","s11435f8","s11435fb"
"6bb2c4d59ebc44d01e90a91b06d3befd","s114354f","s114355c","s1143585","s11435f8","s11435fc"
"6bb2c4d59ebc44d01e90a91b06d3befd","s114354f","s114355c","s1143585","s11435fd"
"6bb2c4d59ebc44d01e90a91b06d3befd","s114354f","s114355d"
"6bb2c4d59ebc44d01e90a91b06d3befd","s114354f","s114355d","s1143586"
"6bb2c4d59ebc44d01e90a91b06d3befd","s114354f","s114355d","s1143586","s11435fe"
"6bb2c4d59ebc44d01e90a91b06d3befd","s114354f","s114355d","s1143586","s11435fe","s11435ff"
"6bb2c4d59ebc44d01e90a91b06d3befd","s114354f","s114355d","s1143586","s11435fe","s1143600"
"6bb2c4d59ebc44d01e90a91b06d3befd","s114354f","s114355d","s1143586","s11435fe","s1143601"
"6bb2c4d59ebc44d01e90a91b06d3befd","s114354f","s114355d","s1143586","s1143602"
"6bb2c4d59ebc44d01e90a91b06d3befd","s114354f","s114355d","s1143586","s1143603"
"6bb2c4d59ebc44d01e90a91b06d3befd","s114354f","s114355d","s1143586","s1143604"
"6bb2c4d59ebc44d01e90a91b06d3befd","s114354f","s114355d","s1143587"
"6bb2c4d59ebc44d01e90a91b06d3befd","s114354f","s114355d","s1143587","s1143605"
"6bb2c4d59ebc44d01e90a91b06d3befd","s114354f","s114355e"
"6bb2c4d59ebc44d01e90a91b06d3befd","s114354f","s114355e","s1143588"
"6bb2c4d59ebc44d01e90a91b06d3befd","s114354f","s114355e","s1143588","s1143606"
"6bb2c4d59ebc44d01e90a91b06d3befd","s114354f","s114355e","s1143588","s1143607"
"6bb2c4d59ebc44d01e90a91b06d3befd","s114354f","s114355e","s1143588","s1143608"
"6bb2c4d59ebc44d01e90a91b06d3befd","s114354f","s114355e","s1143588","s1143609"
"6bb2c4d59ebc44d01e90a91b06d3befd","s114354f","s114355e","s1143589"
"6bb2c4d59ebc44d01e90a91b06d3befd","s114354f","s114355e","s1143589","s114360a"
"6bb2c4d59ebc44d01e90a91b06d3befd","s114354f","s114355e","s1143589","s114360b"
"6bb2c4d59ebc44d01e90a91b06d3befd","s114354f","s114355e","s1143589","s114360c"
"6bb2c4d59ebc44d01e90a91b06d3befd","s114354f","s114355e","s114358a"
"6bb2c4d59ebc44d01e90a91b06d3befd","s114354f","s114355e","s114358a","s114360d"
"6bb2c4d59ebc44d01e90a91b06d3befd","s114354f","s114355e","s114358a","s114360e"
"6bb2c4d59ebc44d01e90a91b06d3befd","s1143551"
"6bb2c4d59ebc44d01e90a91b06d3befd","s1143551","s114355f"
"6bb2c4d59ebc44d01e90a91b06d3befd","s1143551","s114355f","s1143572"
"6bb2c4d59ebc44d01e90a91b06d3befd","s1143551","s114355f","s1143572","s11435be"
"6bb2c4d59ebc44d01e90a91b06d3befd","s1143551","s114355f","s1143572","s11435bf"
"6bb2c4d59ebc44d01e90a91b06d3befd","s1143551","s114355f","s1143572","s11435c0"
"6bb2c4d59ebc44d01e90a91b06d3befd","s1143551","s114355f","s1143572","s11435c1"
"6bb2c4d59ebc44d01e90a91b06d3befd","s1143551","s114355f","s1143572","s11435c2"
"6bb2c4d59ebc44d01e90a91b06d3befd","s1143551","s114355f","s1143573"
"6bb2c4d59ebc44d01e90a91b06d3befd","s1143551","s114355f","s1143573","s11435c3"
"6bb2c4d59ebc44d01e90a91b06d3befd","s1143551","s114355f","s1143573","s11435c4"
"6bb2c4d59ebc44d01e90a91b06d3befd","s1143551","s114355f","s1143573","s11435c5"
"6bb2c4d59ebc44d01e90a91b06d3befd","s1143551","s114355f","s1143574"
"6bb2c4d59ebc44d01e90a91b06d3befd","s1143551","s114355f","s1143574","s11435c6"
"6bb2c4d59ebc44d01e90a91b06d3befd","s1143551","s114355f","s1143574","s11435c7"
"6bb2c4d59ebc44d01e90a91b06d3befd","s1143551","s114355f","s1143574","s11435c8"
"6bb2c4d59ebc44d01e90a91b06d3befd","s1143551","s114355f","s1143575"
"6bb2c4d59ebc44d01e90a91b06d3befd","s1143551","s114355f","s1143575","s11435c9"
"6bb2c4d59ebc44d01e90a91b06d3befd","s1143551","s114355f","s1143575","s11435ca"
"6bb2c4d59ebc44d01e90a91b06d3befd","s1143551","s1143560"
"6bb2c4d59ebc44d01e90a91b06d3befd","s1143551","s1143560","s1143576"
"6bb2c4d59ebc44d01e90a91b06d3befd","s1143551","s1143560","s1143576","s11435cb"
"6bb2c4d59ebc44d01e90a91b06d3befd","s1143551","s1143560","s1143576","s11435cb","s2373216"
"6bb2c4d59ebc44d01e90a91b06d3befd","s1143551","s1143560","s1143576","s11435cb","s2373217"
"6bb2c4d59ebc44d01e90a91b06d3befd","s1143551","s1143560","s1143576","s11435cc"
"6bb2c4d59ebc44d01e90a91b06d3befd","s1143551","s1143560","s1143576","s11435cd"
"6bb2c4d59ebc44d01e90a91b06d3befd","s1143551","s1143560","s1143577"
"6bb2c4d59ebc44d01e90a91b06d3befd","s1143551","s1143560","s1143577","s11435ce"
"6bb2c4d59ebc44d01e90a91b06d3befd","s1143551","s1143560","s1143577","s11435cf"
"6bb2c4d59ebc44d01e90a91b06d3befd","s1143551","s1143560","s1143578"
"6bb2c4d59ebc44d01e90a91b06d3befd","s1143551","s1143560","s1143578","s11435d0"
"6bb2c4d59ebc44d01e90a91b06d3befd","s1143551","s1143560","s1143578","s11435d1"
"6bb2c4d59ebc44d01e90a91b06d3befd","s1143551","s1143560","s1143578","s11435d2"
"6bb2c4d59ebc44d01e90a91b06d3befd","s1143551","s1143560","s1143579"
"6bb2c4d59ebc44d01e90a91b06d3befd","s1143551","s1143560","s1143579","s11435d3"
"6bb2c4d59ebc44d01e90a91b06d3befd","s1143551","s1143560","s1143579","s11435d4"
"6bb2c4d59ebc44d01e90a91b06d3befd","s1143551","s1143560","s1143579","s11435d5"
"6bb2c4d59ebc44d01e90a91b06d3befd","s1143551","s1143561"
"6bb2c4d59ebc44d01e90a91b06d3befd","s1143551","s1143561","s114357a"
"6bb2c4d59ebc44d01e90a91b06d3befd","s1143551","s1143561","s114357a","s11435d6"
"6bb2c4d59ebc44d01e90a91b06d3befd","s1143551","s1143561","s114357a","s11435d7"
"6bb2c4d59ebc44d01e90a91b06d3befd","s1143551","s1143561","s114357a","s11435d8"
"6bb2c4d59ebc44d01e90a91b06d3befd","s1143551","s1143561","s114357a","s11435d9"
"6bb2c4d59ebc44d01e90a91b06d3befd","s1143551","s1143561","s114357b"
"6bb2c4d59ebc44d01e90a91b06d3befd","s1143551","s1143561","s114357b","s11435da"
"6bb2c4d59ebc44d01e90a91b06d3befd","s1143551","s1143562"
"6bb2c4d59ebc44d01e90a91b06d3befd","s1143551","s1143562","s114357c"
"6bb2c4d59ebc44d01e90a91b06d3befd","s1143551","s1143562","s114357c","s11435db"
"6bb2c4d59ebc44d01e90a91b06d3befd","s1143551","s1143562","s114357c","s11435dc"
"6bb2c4d59ebc44d01e90a91b06d3befd","s1143551","s1143562","s114357c","s11435dd"
"6bb2c4d59ebc44d01e90a91b06d3befd","s1143551","s1143562","s114357d"
"6bb2c4d59ebc44d01e90a91b06d3befd","s1143551","s1143562","s114357d","s11435de"
"6bb2c4d59ebc44d01e90a91b06d3befd","s1143551","s1143562","s114357d","s11435df"
"6bb2c4d59ebc44d01e90a91b06d3befd","s1143551","s1143562","s114357d","s11435e0"
"6bb2c4d59ebc44d01e90a91b06d3befd","s1143551","s1143562","s114357d","s11435e1"
"6bb2c4d59ebc44d01e90a91b06d3befd","s1143551","s1143563"
"6bb2c4d59ebc44d01e90a91b06d3befd","s1143551","s1143563","s114357e"
"6bb2c4d59ebc44d01e90a91b06d3befd","s1143551","s1143563","s114357e","s11435e2"
"6bb2c4d59ebc44d01e90a91b06d3befd","s1143551","s1143563","s114357e","s11435e3"
"6bb2c4d59ebc44d01e90a91b06d3befd","s1143551","s1143563","s114357e","s11435e4"
"6bb2c4d59ebc44d01e90a91b06d3befd","s1143551","s1143563","s114357f"
"6bb2c4d59ebc44d01e90a91b06d3befd","s1143551","s1143563","s114357f","s11435e5"
"6bb2c4d59ebc44d01e90a91b06d3befd","s1143551","s1143564"
"6bb2c4d59ebc44d01e90a91b06d3befd","s1143551","s1143564","s1143580"
"6bb2c4d59ebc44d01e90a91b06d3befd","s1143551","s1143564","s1143580","s11435e6"
"6bb2c4d59ebc44d01e90a91b06d3befd","s1143551","s1143564","s1143580","s11435e7"
"6bb2c4d59ebc44d01e90a91b06d3befd","s1143551","s1143564","s1143580","s11435e8"
"6bb2c4d59ebc44d01e90a91b06d3befd","s1143552"
"6bb2c4d59ebc44d01e90a91b06d3befd","s1143552","s1143565"
"6bb2c4d59ebc44d01e90a91b06d3befd","s1143552","s1143565","s1143569"
"6bb2c4d59ebc44d01e90a91b06d3befd","s1143552","s1143565","s1143569","s114359f"
"6bb2c4d59ebc44d01e90a91b06d3befd","s1143552","s1143565","s1143569","s11435a0"
"6bb2c4d59ebc44d01e90a91b06d3befd","s1143552","s1143565","s1143569","s11435a1"
"6bb2c4d59ebc44d01e90a91b06d3befd","s1143552","s1143565","s1143569","s11435a2"
"6bb2c4d59ebc44d01e90a91b06d3befd","s1143552","s1143565","s114356a"
"6bb2c4d59ebc44d01e90a91b06d3befd","s1143552","s1143565","s114356a","s11435a3"
"6bb2c4d59ebc44d01e90a91b06d3befd","s1143552","s1143565","s114356a","s11435a4"
"6bb2c4d59ebc44d01e90a91b06d3befd","s1143552","s1143565","s114356a","s11435a4","s1143645"
"6bb2c4d59ebc44d01e90a91b06d3befd","s1143552","s1143565","s114356a","s11435a4","s1143646"
"6bb2c4d59ebc44d01e90a91b06d3befd","s1143552","s1143565","s114356a","s11435a4","s1143647"
"6bb2c4d59ebc44d01e90a91b06d3befd","s1143552","s1143565","s114356b"
"6bb2c4d59ebc44d01e90a91b06d3befd","s1143552","s1143565","s114356b","s11435a5"
"6bb2c4d59ebc44d01e90a91b06d3befd","s1143552","s1143565","s114356b","s11435a6"
"6bb2c4d59ebc44d01e90a91b06d3befd","s1143552","s1143565","s114356b","s11435a7"
"6bb2c4d59ebc44d01e90a91b06d3befd","s1143552","s1143566"
"6bb2c4d59ebc44d01e90a91b06d3befd","s1143552","s1143566","s114356c"
"6bb2c4d59ebc44d01e90a91b06d3befd","s1143552","s1143566","s114356c","s11435a8"
"6bb2c4d59ebc44d01e90a91b06d3befd","s1143552","s1143566","s114356c","s11435a9"
"6bb2c4d59ebc44d01e90a91b06d3befd","s1143552","s1143566","s114356d"
"6bb2c4d59ebc44d01e90a91b06d3befd","s1143552","s1143566","s114356d","s11435aa"
"6bb2c4d59ebc44d01e90a91b06d3befd","s1143552","s1143566","s114356d","s11435ab"
"6bb2c4d59ebc44d01e90a91b06d3befd","s1143552","s1143566","s114356d","s11435ac"
"6bb2c4d59ebc44d01e90a91b06d3befd","s1143552","s1143566","s114356d","s11435ad"
"6bb2c4d59ebc44d01e90a91b06d3befd","s1143552","s1143567"
"6bb2c4d59ebc44d01e90a91b06d3befd","s1143552","s1143567","s114356e"
"6bb2c4d59ebc44d01e90a91b06d3befd","s1143552","s1143567","s114356e","s11435ae"
"6bb2c4d59ebc44d01e90a91b06d3befd","s1143552","s1143567","s114356e","s11435af"
"6bb2c4d59ebc44d01e90a91b06d3befd","s1143552","s1143567","s114356e","s11435b0"
"6bb2c4d59ebc44d01e90a91b06d3befd","s1143552","s1143567","s114356e","s11435b1"
"6bb2c4d59ebc44d01e90a91b06d3befd","s1143552","s1143567","s114356e","s11435b2"
"6bb2c4d59ebc44d01e90a91b06d3befd","s1143552","s1143567","s114356f"
"6bb2c4d59ebc44d01e90a91b06d3befd","s1143552","s1143567","s114356f","s11435b3"
"6bb2c4d59ebc44d01e90a91b06d3befd","s1143552","s1143567","s114356f","s11435b4"
"6bb2c4d59ebc44d01e90a91b06d3befd","s1143552","s1143567","s114356f","s11435b5"
"6bb2c4d59ebc44d01e90a91b06d3befd","s1143552","s1143567","s114356f","s11435b6"
"6bb2c4d59ebc44d01e90a91b06d3befd","s1143552","s1143568"
"6bb2c4d59ebc44d01e90a91b06d3befd","s1143552","s1143568","s1143570"
"6bb2c4d59ebc44d01e90a91b06d3befd","s1143552","s1143568","s1143570","s11435b7"
"6bb2c4d59ebc44d01e90a91b06d3befd","s1143552","s1143568","s1143570","s11435b8"
"6bb2c4d59ebc44d01e90a91b06d3befd","s1143552","s1143568","s1143570","s11435b9"
"6bb2c4d59ebc44d01e90a91b06d3befd","s1143552","s1143568","s1143570","s11435ba"
"6bb2c4d59ebc44d01e90a91b06d3befd","s1143552","s1143568","s1143571"
"6bb2c4d59ebc44d01e90a91b06d3befd","s1143552","s1143568","s1143571","s11435bb"
"6bb2c4d59ebc44d01e90a91b06d3befd","s1143552","s1143568","s1143571","s11435bb","s1143648"
"6bb2c4d59ebc44d01e90a91b06d3befd","s1143552","s1143568","s1143571","s11435bb","s1143649"
"6bb2c4d59ebc44d01e90a91b06d3befd","s1143552","s1143568","s1143571","s11435bc"
"6bb2c4d59ebc44d01e90a91b06d3befd","s1143552","s1143568","s1143571","s11435bd"
"740fca8e3882eb69796001fd70746d72"
"740fca8e3882eb69796001fd70746d72","s113bb06"
"740fca8e3882eb69796001fd70746d72","s113bb06","s113bb0a"
"740fca8e3882eb69796001fd70746d72","s113bb06","s113bb0a","s113bb11"
"740fca8e3882eb69796001fd70746d72","s113bb06","s113bb0a","s113bb11","s113bb12"
"740fca8e3882eb69796001fd70746d72","s113bb06","s113bb0a","s113bb11","s113bb13"
"740fca8e3882eb69796001fd70746d72","s113bb06","s113bb0a","s113bb11","s113bb14"
"740fca8e3882eb69796001fd70746d72","s113bb06","s113bb0a","s113bb11","s113bb15"
"740fca8e3882eb69796001fd70746d72","s113bb06","s113bb0a","s113bb11","s113bb16"
"740fca8e3882eb69796001fd70746d72","s113bb06","s113bb0a","s113bb11","s113bb17"
"740fca8e3882eb69796001fd70746d72","s113bb06","s113bb0a","s113bb11","s113bb18"
"740fca8e3882eb69796001fd70746d72","s113bb06","s113bb0a","s113bb11","s113bb19"
"740fca8e3882eb69796001fd70746d72","s113bb06","s113bb0a","s113bb11","s113bb1a"
"740fca8e3882eb69796001fd70746d72","s113bb06","s113bb0a","s113bb11","s113bb1b"
"740fca8e3882eb69796001fd70746d72","s113bb06","s113bb0a","s113bb11","s113bb1c"
"740fca8e3882eb69796001fd70746d72","s113bb06","s113bb0a","s113bb11","s113bb1d"
"740fca8e3882eb69796001fd70746d72","s113bb06","s113bb0a","s113bb11","s113bb1e"
"740fca8e3882eb69796001fd70746d72","s113bb06","s113bb0a","s113bb11","s113bb1f"
"740fca8e3882eb69796001fd70746d72","s113bb06","s113bb0a","s113bb11","s113bb20"
"740fca8e3882eb69796001fd70746d72","s113bb06","s113bb0a","s113bb11","s113bb21"
"740fca8e3882eb69796001fd70746d72","s113bb06","s113bb0a","s113bb22"
"740fca8e3882eb69796001fd70746d72","s113bb06","s113bb0a","s113bb22","s113bb24"
"740fca8e3882eb69796001fd70746d72","s113bb06","s113bb0a","s113bb22","s113bb25"
"740fca8e3882eb69796001fd70746d72","s113bb06","s113bb0a","s113bb22","s113bb26"
"740fca8e3882eb69796001fd70746d72","s113bb06","s113bb0a","s113bb22","s113bb27"
"740fca8e3882eb69796001fd70746d72","s113bb06","s113bb0a","s113bb22","s113bb28"
"740fca8e3882eb69796001fd70746d72","s113bb06","s113bb0a","s113bb22","s113bb29"
"740fca8e3882eb69796001fd70746d72","s113bb06","s113bb0a","s113bb23"
"740fca8e3882eb69796001fd70746d72","s113bb06","s113bb0a","s113bb23","s113bb2a"
"740fca8e3882eb69796001fd70746d72","s113bb06","s113bb0a","s113bb23","s113bb2b"
"740fca8e3882eb69796001fd70746d72","s113bb06","s113bb0a","s113bb23","s113bb2c"
"740fca8e3882eb69796001fd70746d72","s113bb06","s113bb0b"
"740fca8e3882eb69796001fd70746d72","s113bb06","s113bb0b","s113bb2d"
"740fca8e3882eb69796001fd70746d72","s113bb06","s113bb0b","s113bb2d","s113bb2e"
"740fca8e3882eb69796001fd70746d72","s113bb06","s113bb0b","s113bb2d","s113bb2f"
"740fca8e3882eb69796001fd70746d72","s113bb06","s113bb0b","s113bb2d","s113bb30"
"740fca8e3882eb69796001fd70746d72","s113bb06","s113bb0b","s113bb2d","s113bb31"
"740fca8e3882eb69796001fd70746d72","s113bb06","s113bb0b","s113bb2d","s113bb32"
"740fca8e3882eb69796001fd70746d72","s113bb06","s113bb0b","s113bb2d","s113bb33"
"740fca8e3882eb69796001fd70746d72","s113bb06","s113bb0b","s113bb2d","s113bb34"
"740fca8e3882eb69796001fd70746d72","s113bb06","s113bb0b","s113bb2d","s113bb35"
"740fca8e3882eb69796001fd70746d72","s113bb06","s113bb0b","s113bb2d","s113bb36"
"740fca8e3882eb69796001fd70746d72","s113bb06","s113bb0b","s113bb2d","s113bb37"
"740fca8e3882eb69796001fd70746d72","s113bb06","s113bb0b","s113bb2d","s113bb38"
"740fca8e3882eb69796001fd70746d72","s113bb06","s113bb0b","s113bb39"
"740fca8e3882eb69796001fd70746d72","s113bb06","s113bb0b","s113bb39","s113bb3b"
"740fca8e3882eb69796001fd70746d72","s113bb06","s113bb0b","s113bb39","s113bb3c"
"740fca8e3882eb69796001fd70746d72","s113bb06","s113bb0b","s113bb39","s113bb3d"
"740fca8e3882eb69796001fd70746d72","s113bb06","s113bb0b","s113bb3a"
"740fca8e3882eb69796001fd70746d72","s113bb06","s113bb0b","s113bb3a","s113bb3e"
"740fca8e3882eb69796001fd70746d72","s113bb06","s113bb0b","s113bb3a","s113bb3f"
"740fca8e3882eb69796001fd70746d72","s113bb06","s113bb0c"
"740fca8e3882eb69796001fd70746d72","s113bb06","s113bb0c","s113bb40"
"740fca8e3882eb69796001fd70746d72","s113bb06","s113bb0c","s113bb40","s113bb43"
"740fca8e3882eb69796001fd70746d72","s113bb06","s113bb0c","s113bb40","s113bb44"
"740fca8e3882eb69796001fd70746d72","s113bb06","s113bb0c","s113bb40","s113bb45"
"740fca8e3882eb69796001fd70746d72","s113bb06","s113bb0c","s113bb40","s113bb46"
"740fca8e3882eb69796001fd70746d72","s113bb06","s113bb0c","s113bb40","s113bb47"
"740fca8e3882eb69796001fd70746d72","s113bb06","s113bb0c","s113bb40","s113bb48"
"740fca8e3882eb69796001fd70746d72","s113bb06","s113bb0c","s113bb40","s113bb49"
"740fca8e3882eb69796001fd70746d72","s113bb06","s113bb0c","s113bb41"
"740fca8e3882eb69796001fd70746d72","s113bb06","s113bb0c","s113bb41","s113bb4a"
"740fca8e3882eb69796001fd70746d72","s113bb06","s113bb0c","s113bb41","s113bb4b"
"740fca8e3882eb69796001fd70746d72","s113bb06","s113bb0c","s113bb41","s113bb4c"
"740fca8e3882eb69796001fd70746d72","s113bb06","s113bb0c","s113bb42"
"740fca8e3882eb69796001fd70746d72","s113bb06","s113bb0c","s113bb42","s113bb4d"
"740fca8e3882eb69796001fd70746d72","s113bb06","s113bb0c","s113bb42","s113bb4e"
"740fca8e3882eb69796001fd70746d72","s113bb06","s113bb0d"
"740fca8e3882eb69796001fd70746d72","s113bb06","s113bb0d","s113bb4f"
"740fca8e3882eb69796001fd70746d72","s113bb06","s113bb0d","s113bb4f","s113bb52"
"740fca8e3882eb69796001fd70746d72","s113bb06","s113bb0d","s113bb4f","s113bb53"
"740fca8e3882eb69796001fd70746d72","s113bb06","s113bb0d","s113bb4f","s113bb54"
"740fca8e3882eb69796001fd70746d72","s113bb06","s113bb0d","s113bb4f","s113bb55"
"740fca8e3882eb69796001fd70746d72","s113bb06","s113bb0d","s113bb4f","s113bb56"
"740fca8e3882eb69796001fd70746d72","s113bb06","s113bb0d","s113bb4f","s113bb57"
"740fca8e3882eb69796001fd70746d72","s113bb06","s113bb0d","s113bb50"
"740fca8e3882eb69796001fd70746d72","s113bb06","s113bb0d","s113bb50","s113bb58"
"740fca8e3882eb69796001fd70746d72","s113bb06","s113bb0d","s113bb50","s113bb59"
"740fca8e3882eb69796001fd70746d72","s113bb06","s113bb0d","s113bb50","s113bb5a"
"740fca8e3882eb69796001fd70746d72","s113bb06","s113bb0d","s113bb51"
"740fca8e3882eb69796001fd70746d72","s113bb06","s113bb0d","s113bb51","s113bb5b"
"740fca8e3882eb69796001fd70746d72","s113bb06","s113bb0d","s113bb51","s113bb5c"
"740fca8e3882eb69796001fd70746d72","s113bb06","s113bb0d","s113bb51","s113bb5d"
"740fca8e3882eb69796001fd70746d72","s113bb06","s113bb0e"
"740fca8e3882eb69796001fd70746d72","s113bb06","s113bb0e","s113bb5e"
"740fca8e3882eb69796001fd70746d72","s113bb06","s113bb0e","s113bb5e","s113bb61"
"740fca8e3882eb69796001fd70746d72","s113bb06","s113bb0e","s113bb5e","s113bb62"
"740fca8e3882eb69796001fd70746d72","s113bb06","s113bb0e","s113bb5e","s113bb63"
"740fca8e3882eb69796001fd70746d72","s113bb06","s113bb0e","s113bb5e","s113bb64"
"740fca8e3882eb69796001fd70746d72","s113bb06","s113bb0e","s113bb5e","s113bb65"
"740fca8e3882eb69796001fd70746d72","s113bb06","s113bb0e","s113bb5e","s113bb66"
"740fca8e3882eb69796001fd70746d72","s113bb06","s113bb0e","s113bb5e","s113bb67"
"740fca8e3882eb69796001fd70746d72","s113bb06","s113bb0e","s113bb5f"
"740fca8e3882eb69796001fd70746d72","s113bb06","s113bb0e","s113bb5f","s113bb68"
"740fca8e3882eb69796001fd70746d72","s113bb06","s113bb0e","s113bb5f","s113bb69"
"740fca8e3882eb69796001fd70746d72","s113bb06","s113bb0e","s113bb5f","s113bb6a"
"740fca8e3882eb69796001fd70746d72","s113bb06","s113bb0e","s113bb5f","s113bb6b"
"740fca8e3882eb69796001fd70746d72","s113bb06","s113bb0e","s113bb60"
"740fca8e3882eb69796001fd70746d72","s113bb06","s113bb0e","s113bb60","s113bb6c"
"740fca8e3882eb69796001fd70746d72","s113bb06","s113bb0e","s113bb60","s113bb6d"
"740fca8e3882eb69796001fd70746d72","s113bb06","s113bb0f"
"740fca8e3882eb69796001fd70746d72","s113bb06","s113bb0f","s113bb6e"
"740fca8e3882eb69796001fd70746d72","s113bb06","s113bb0f","s113bb6e","s113bb71"
"740fca8e3882eb69796001fd70746d72","s113bb06","s113bb0f","s113bb6e","s113bb72"
"740fca8e3882eb69796001fd70746d72","s113bb06","s113bb0f","s113bb6e","s113bb73"
"740fca8e3882eb69796001fd70746d72","s113bb06","s113bb0f","s113bb6e","s113bb74"
"740fca8e3882eb69796001fd70746d72","s113bb06","s113bb0f","s113bb6e","s113bb75"
"740fca8e3882eb69796001fd70746d72","s113bb06","s113bb0f","s113bb6f"
"740fca8e3882eb69796001fd70746d72","s113bb06","s113bb0f","s113bb6f","s113bb76"
"740fca8e3882eb69796001fd70746d72","s113bb06","s113bb0f","s113bb6f","s113bb77"
"740fca8e3882eb69796001fd70746d72","s113bb06","s113bb0f","s113bb6f","s113bb78"
"740fca8e3882eb69796001fd70746d72","s113bb06","s113bb0f","s113bb70"
"740fca8e3882eb69796001fd70746d72","s113bb06","s113bb0f","s113bb70","s113bb79"
"740fca8e3882eb69796001fd70746d72","s113bb06","s113bb10"
"740fca8e3882eb69796001fd70746d72","s113bb06","s113bb10","s113bb7a"
"740fca8e3882eb69796001fd70746d72","s113bb06","s113bb10","s113bb7a","s113bb7d"
"740fca8e3882eb69796001fd70746d72","s113bb06","s113bb10","s113bb7a","s113bb7e"
"740fca8e3882eb69796001fd70746d72","s113bb06","s113bb10","s113bb7a","s113bb7f"
"740fca8e3882eb69796001fd70746d72","s113bb06","s113bb10","s113bb7a","s113bb80"
"740fca8e3882eb69796001fd70746d72","s113bb06","s113bb10","s113bb7a","s113bb81"
"740fca8e3882eb69796001fd70746d72","s113bb06","s113bb10","s113bb7b"
"740fca8e3882eb69796001fd70746d72","s113bb06","s113bb10","s113bb7b","s113bb82"
"740fca8e3882eb69796001fd70746d72","s113bb06","s113bb10","s113bb7b","s113bb83"
"740fca8e3882eb69796001fd70746d72","s113bb06","s113bb10","s113bb7b","s113bb84"
"740fca8e3882eb69796001fd70746d72","s113bb06","s113bb10","s113bb7c"
"740fca8e3882eb69796001fd70746d72","s113bb06","s113bb10","s113bb7c","s113bb85"
"740fca8e3882eb69796001fd70746d72","s113bb06","s113bb10","s113bb7c","s113bb86"
"740fca8e3882eb69796001fd70746d72","s113bb07"
"740fca8e3882eb69796001fd70746d72","s113bb07","s113bb87"
"740fca8e3882eb69796001fd70746d72","s113bb07","s113bb87","s113bb90"
"740fca8e3882eb69796001fd70746d72","s113bb07","s113bb87","s113bb90","s113bbab"
"740fca8e3882eb69796001fd70746d72","s113bb07","s113bb87","s113bb90","s113bbac"
"740fca8e3882eb69796001fd70746d72","s113bb07","s113bb87","s113bb90","s113bbad"
"740fca8e3882eb69796001fd70746d72","s113bb07","s113bb87","s113bb90","s113bbae"
"740fca8e3882eb69796001fd70746d72","s113bb07","s113bb87","s113bb90","s113bbaf"
"740fca8e3882eb69796001fd70746d72","s113bb07","s113bb87","s113bb90","s113bbb0"
"740fca8e3882eb69796001fd70746d72","s113bb07","s113bb87","s113bb90","s113bbb1"
"740fca8e3882eb69796001fd70746d72","s113bb07","s113bb87","s113bb90","s113bbb2"
"740fca8e3882eb69796001fd70746d72","s113bb07","s113bb87","s113bb90","s113bbb3"
"740fca8e3882eb69796001fd70746d72","s113bb07","s113bb87","s113bb90","s113bbb4"
"740fca8e3882eb69796001fd70746d72","s113bb07","s113bb87","s113bb99"
"740fca8e3882eb69796001fd70746d72","s113bb07","s113bb87","s113bb99","s113bbb5"
"740fca8e3882eb69796001fd70746d72","s113bb07","s113bb87","s113bb99","s113bbb6"
"740fca8e3882eb69796001fd70746d72","s113bb07","s113bb87","s113bb99","s113bbb7"
"740fca8e3882eb69796001fd70746d72","s113bb07","s113bb87","s113bba2"
"740fca8e3882eb69796001fd70746d72","s113bb07","s113bb87","s113bba2","s113bbb8"
"740fca8e3882eb69796001fd70746d72","s113bb07","s113bb87","s113bba2","s113bbb9"
"740fca8e3882eb69796001fd70746d72","s113bb07","s113bb87","s113bba2","s113bbba"
"740fca8e3882eb69796001fd70746d72","s113bb07","s113bb88"
"740fca8e3882eb69796001fd70746d72","s113bb07","s113bb88","s113bb91"
"740fca8e3882eb69796001fd70746d72","s113bb07","s113bb88","s113bb91","s113bbbb"
"740fca8e3882eb69796001fd70746d72","s113bb07","s113bb88","s113bb91","s113bbbc"
"740fca8e3882eb69796001fd70746d72","s113bb07","s113bb88","s113bb91","s113bbbd"
"740fca8e3882eb69796001fd70746d72","s113bb07","s113bb88","s113bb91","s113bbbe"
"740fca8e3882eb69796001fd70746d72","s113bb07","s113bb88","s113bb91","s113bbbf"
"740fca8e3882eb69796001fd70746d72","s113bb07","s113bb88","s113bb91","s113bbc0"
"740fca8e3882eb69796001fd70746d72","s113bb07","s113bb88","s113bb91","s113bbc1"
"740fca8e3882eb69796001fd70746d72","s113bb07","s113bb88","s113bb91","s113bbc2"
"740fca8e3882eb69796001fd70746d72","s113bb07","s113bb88","s113bb91","s113bbc3"
"740fca8e3882eb69796001fd70746d72","s113bb07","s113bb88","s113bb91","s113bbc4"
"740fca8e3882eb69796001fd70746d72","s113bb07","s113bb88","s113bb91","s113bbc5"
"740fca8e3882eb69796001fd70746d72","s113bb07","s113bb88","s113bb9a"
"740fca8e3882eb69796001fd70746d72","s113bb07","s113bb88","s113bb9a","s113bbc6"
"740fca8e3882eb69796001fd70746d72","s113bb07","s113bb88","s113bb9a","s113bbc7"
"740fca8e3882eb69796001fd70746d72","s113bb07","s113bb88","s113bb9a","s113bbc8"
"740fca8e3882eb69796001fd70746d72","s113bb07","s113bb88","s113bba3"
"740fca8e3882eb69796001fd70746d72","s113bb07","s113bb88","s113bba3","s113bbc9"
"740fca8e3882eb69796001fd70746d72","s113bb07","s113bb89"
"740fca8e3882eb69796001fd70746d72","s113bb07","s113bb89","s113bb92"
"740fca8e3882eb69796001fd70746d72","s113bb07","s113bb89","s113bb92","s113bbca"
"740fca8e3882eb69796001fd70746d72","s113bb07","s113bb89","s113bb92","s113bbcb"
"740fca8e3882eb69796001fd70746d72","s113bb07","s113bb89","s113bb92","s113bbcc"
"740fca8e3882eb69796001fd70746d72","s113bb07","s113bb89","s113bb92","s113bbcd"
"740fca8e3882eb69796001fd70746d72","s113bb07","s113bb89","s113bb92","s113bbce"
"740fca8e3882eb69796001fd70746d72","s113bb07","s113bb89","s113bb92","s113bbcf"
"740fca8e3882eb69796001fd70746d72","s113bb07","s113bb89","s113bb92","s113bbd0"
"740fca8e3882eb69796001fd70746d72","s113bb07","s113bb89","s113bb9b"
"740fca8e3882eb69796001fd70746d72","s113bb07","s113bb89","s113bb9b","s113bbd1"
"740fca8e3882eb69796001fd70746d72","s113bb07","s113bb89","s113bb9b","s113bbd2"
"740fca8e3882eb69796001fd70746d72","s113bb07","s113bb89","s113bb9b","s113bbd3"
"740fca8e3882eb69796001fd70746d72","s113bb07","s113bb89","s113bba4"
"740fca8e3882eb69796001fd70746d72","s113bb07","s113bb89","s113bba4","s113bbd4"
"740fca8e3882eb69796001fd70746d72","s113bb07","s113bb89","s113bba4","s113bbd5"
"740fca8e3882eb69796001fd70746d72","s113bb07","s113bb8a"
"740fca8e3882eb69796001fd70746d72","s113bb07","s113bb8a","s113bb93"
"740fca8e3882eb69796001fd70746d72","s113bb07","s113bb8a","s113bb93","s113bbd6"
"740fca8e3882eb69796001fd70746d72","s113bb07","s113bb8a","s113bb93","s113bbd7"
"740fca8e3882eb69796001fd70746d72","s113bb07","s113bb8a","s113bb93","s113bbd8"
"740fca8e3882eb69796001fd70746d72","s113bb07","s113bb8a","s113bb93","s113bbd9"
"740fca8e3882eb69796001fd70746d72","s113bb07","s113bb8a","s113bb93","s113bbda"
"740fca8e3882eb69796001fd70746d72","s113bb07","s113bb8a","s113bb93","s113bbdb"
"740fca8e3882eb69796001fd70746d72","s113bb07","s113bb8a","s113bb9c"
"740fca8e3882eb69796001fd70746d72","s113bb07","s113bb8a","s113bb9c","s113bbdc"
"740fca8e3882eb69796001fd70746d72","s113bb07","s113bb8a","s113bb9c","s113bbdd"
"740fca8e3882eb69796001fd70746d72","s113bb07","s113bb8a","s113bb9c","s113bbde"
"740fca8e3882eb69796001fd70746d72","s113bb07","s113bb8a","s113bba5"
"740fca8e3882eb69796001fd70746d72","s113bb07","s113bb8a","s113bba5","s113bbdf"
"740fca8e3882eb69796001fd70746d72","s113bb07","s113bb8b"
"740fca8e3882eb69796001fd70746d72","s113bb07","s113bb8b","s113bb94"
"740fca8e3882eb69796001fd70746d72","s113bb07","s113bb8b","s113bb94","s113bbe0"
"740fca8e3882eb69796001fd70746d72","s113bb07","s113bb8b","s113bb94","s113bbe1"
"740fca8e3882eb69796001fd70746d72","s113bb07","s113bb8b","s113bb94","s113bbe2"
"740fca8e3882eb69796001fd70746d72","s113bb07","s113bb8b","s113bb94","s113bbe3"
"740fca8e3882eb69796001fd70746d72","s113bb07","s113bb8b","s113bb94","s113bbe4"
"740fca8e3882eb69796001fd70746d72","s113bb07","s113bb8b","s113bb94","s113bbe5"
"740fca8e3882eb69796001fd70746d72","s113bb07","s113bb8b","s113bb94","s113bbe6"
"740fca8e3882eb69796001fd70746d72","s113bb07","s113bb8b","s113bb94","s113bbe7"
"740fca8e3882eb69796001fd70746d72","s113bb07","s113bb8b","s113bb94","s113bbe8"
"740fca8e3882eb69796001fd70746d72","s113bb07","s113bb8b","s113bb9d"
"740fca8e3882eb69796001fd70746d72","s113bb07","s113bb8b","s113bb9d","s113bbe9"
"740fca8e3882eb69796001fd70746d72","s113bb07","s113bb8b","s113bb9d","s113bbea"